{"*TSLYILP":"{#control(alt(quotedbl))}","*TLYEU^R":"{#control(shift(super(1)))}","*TLUPT":"{#super(b)}","*TSLUL":"{#super(apostrophe)}","*TSLYEIURKS*":"{#control(alt(shift(super(greater))))}","*TLYEULRPKS":"{#control(shift(super(a)))}","*TLYIRP*":"{#control(alt(w))}","*TLYIUK":"{#control(alt(super(k)))}","*TSLYULPT*":"{#control(super(less))}","*TSLEIUPT":"{#alt(shift(super(minus)))}","*TSLILPTd":"{#alt(bracketleft)}","*TLYK":"{#control(k)}","*TSLYIUP":"{#control(alt(super(period)))}","*TLYEIU^LP":"{#control(alt(shift(super(8))))}","*TSLYIUK":"{#control(alt(super(comma)))}","*TLITS*":"{#alt(z)}","*TSLYERKSd":"{#control(shift(bracketright))}","*TLYEILRPKTS*":"{#control(alt(shift(j)))}","*TSLYELRPK*":"{#control(shift(registered))}","*TSLYELPTd":"{#control(shift(bracketleft))}","*TSLYERKS":"{#control(shift(parenright))}","*TLYERP*":"{#control(shift(w))}","*TSLYELK":"{#control(shift(backslash))}","*TLYELRKS":"{#control(shift(x))}","*TSLELRPKTS":"{#shift(at)}","*TLYEIPT":"{#control(alt(shift(b)))}","*TLIUPT":"{#alt(super(b))}","*TLEU^LRK":"{#shift(super(0))}","*TSLYL*d":"{#control(grave)}","*TSLYEIURKS*d":"{#control(alt(shift(super(braceright))))}","*TSLILP":"{#alt(quotedbl)}","*TLYEI^LR":"{#control(alt(shift(4)))}","*TSLEIUT":"{#alt(shift(super(asterisk)))}","*TSLYURPKT":"{#control(super(dollar))}","*TSLYEIRKS":"{#control(alt(shift(parenright)))}","*TLYIUPKTS":"{#control(alt(super(g)))}","*TSLYLRPK*":"{#control(registered)}","*TLYIULS*":"{#control(alt(super(h)))}","*TSLEUP":"{#shift(super(period))}","*TLEIK*":"{#alt(shift(c))}","*TLYIPK":"{#control(alt(i))}","*TSLYEURKS":"{#control(shift(super(parenright)))}","*TSLYIL*d":"{#control(alt(grave))}","*TSLURP":"{#super(slash)}","*TLELRPKTS*":"{#shift(j)}","*TSLYEIULK":"{#control(alt(shift(super(backslash))))}","*TSLEP":"{#shift(period)}","*TSLYK":"{#control(comma)}","*TSLYULPT*d":"{#control(super(braceleft))}","*TSLEIRPS":"{#alt(shift(asciicircum))}","*TLYULRPKTS*":"{#control(super(j))}","*TLEULRPKTS":"{#shift(super(o))}","*TSLIK":"{#alt(comma)}","*TLE^RK":"{#shift(2)}","*TLEIUR":"{#alt(shift(super(r)))}","*TSLYPT":"{#control(minus)}","*TSLIURPKTd":"{#alt(super(euro))}","*TLYIUKS":"{#control(alt(super(n)))}","*TLYEIUTS*":"{#control(alt(shift(super(z))))}","*TSLYELRPK":"{#control(shift(numbersign))}","*TLYEU^RK":"{#control(shift(super(2)))}","*TLIUL":"{#alt(super(l))}","*TSLUL*d":"{#super(grave)}","*TSLYEIULRPKTS":"{#control(alt(shift(super(at))))}","*TSLYEIURPS":"{#control(alt(shift(super(asciicircum))))}","*TLYEUPT":"{#control(shift(super(b)))}","*TLY^LRK":"{#control(0)}","*TLULRPK":"{#super(e)}","*TLEUL":"{#shift(super(l))}","*TSLYLR":"{#control(exclam)}","*TSLYERPKT":"{#control(shift(dollar))}","*TLYELS*":"{#control(shift(h))}","*TSLIRKS*d":"{#alt(braceright)}","*TSLYEILS":"{#control(alt(shift(percent)))}","*TSLYEUS":"{#control(shift(super(plus)))}","*TSLIULKS":"{#alt(super(ampersand))}","*TSLYRPKTd":"{#control(euro)}","*TLYE^LP":"{#control(shift(8))}","*TLI^R":"{#alt(1)}","*TLYI^L":"{#control(alt(7))}","*TLEIUL":"{#alt(shift(super(l)))}","*TLIT":"{#alt(t)}","*TLIUPKS":"{#alt(super(d))}","*TLYT":"{#control(t)}","*TSLUTS":"{#super(semicolon)}","*TLYIULRPKS":"{#control(alt(super(a)))}","*TSLYIP":"{#control(alt(period))}","*TLYEPKT":"{#control(shift(f))}","*TLIU^LRPK":"{#alt(super(5))}","*TSLYEKS":"{#control(shift(underscore))}","*TLIULRPKTS*":"{#alt(super(j))}","*TLEULRPK":"{#shift(super(e))}","*TLELS*":"{#shift(h)}","*TLILS*":"{#alt(h)}","*TSLYLS":"{#control(percent)}","*TSLIRKSd":"{#alt(bracketright)}","*TLYIKS":"{#control(alt(n))}","*TSLYULS":"{#control(super(percent))}","*TSLYEILK":"{#control(alt(shift(backslash)))}","*TLIUR":"{#alt(super(r))}","*TLEILRPKS":"{#alt(shift(a))}","*TLILRPKS":"{#alt(a)}","*TLEUPT*":"{#shift(super(q))}","*TLEI^R":"{#alt(shift(1))}","*TLYUT":"{#control(super(t))}","*TLY^LRPK":"{#control(5)}","*TLYP":"{#control(p)}","*TLYIPS":"{#control(alt(m))}","*TSLIRKS*":"{#alt(greater)}","*TLYEUS":"{#control(shift(super(s)))}","*TLU^L":"{#super(7)}","*TSLIUL*d":"{#alt(super(grave))}","*TSLEURPKT":"{#shift(super(dollar))}","*TLEIU^LRPK":"{#alt(shift(super(5)))}","*TLYEPT*":"{#control(shift(q))}","*TSLYURPKT*":"{#control(super(yen))}","*TLYI^K":"{#control(alt(3))}","*TLIUPK":"{#alt(super(i))}","*TLYEIULRPKTS":"{#control(alt(shift(super(o))))}","*TSLELK":"{#shift(backslash)}","*TLIULRPK":"{#alt(super(e))}","*TLIPT*":"{#alt(q)}","*TLIKTS":"{#alt(v)}","*TLU^LR":"{#super(4)}","*TSLYELS":"{#control(shift(percent))}","*TSLYULPT":"{#control(super(parenleft))}","*TSLEULPT*d":"{#shift(super(braceleft))}","*TLEUPKT":"{#shift(super(f))}","*TSLYURKSd":"{#control(super(bracketright))}","*TLYE^RK":"{#control(shift(2))}","*TLIKS":"{#alt(n)}","*TLY^RK":"{#control(2)}","*TSLIURPS":"{#alt(super(asciicircum))}","*TSLIPKTS":"{#alt(equal)}","*TSLYIULRPK*":"{#control(alt(super(registered)))}","*TSLULP":"{#super(quotedbl)}","*TSLYIUS":"{#control(alt(super(plus)))}","*TLIURP*":"{#alt(super(w))}","*TSLYIRKS*d":"{#control(alt(braceright))}","*TSLYIURKS*":"{#control(alt(super(greater)))}","*TSLYEIUL":"{#control(alt(shift(super(apostrophe))))}","*TSLEIRKS*d":"{#alt(shift(braceright))}","*TSLURPKT":"{#super(dollar)}","*TSLEIULR":"{#alt(shift(super(exclam)))}","*TSLIUTS*d":"{#alt(super(colon))}","*TLYEILRPKS":"{#control(alt(shift(a)))}","*TSLEIPKTS":"{#alt(shift(equal))}","*TLIU^LP":"{#alt(super(8))}","*TLYEU^LP":"{#control(shift(super(8)))}","*TSLYEILPT*d":"{#control(alt(shift(braceleft)))}","*TLYEP":"{#control(shift(p))}","*TSLYEILR":"{#control(alt(shift(exclam)))}","*TSLIUPT":"{#alt(super(minus))}","*TLIU^R":"{#alt(super(1))}","*TLY^LP":"{#control(8)}","*TSLYIULPT*":"{#control(alt(super(less)))}","*TSLYIURP":"{#control(alt(super(slash)))}","*TLYEIPS":"{#control(alt(shift(m)))}","*TSLEPKTS":"{#shift(equal)}","*TSLERKS*d":"{#shift(braceright)}","*TLYEIUPKT":"{#control(alt(shift(super(f))))}","*TLEIU^L":"{#alt(shift(super(7)))}","*TSLIRKS":"{#alt(parenright)}","*TSLEIK":"{#alt(shift(comma))}","*TLYTS*":"{#control(z)}","*TLYEUTS*":"{#control(shift(super(z)))}","*TSLYEULRPKTS":"{#control(shift(super(at)))}","*TLEIPT*":"{#alt(shift(q))}","*TLYEIUS":"{#control(alt(shift(super(s))))}","*TLIULRKS":"{#alt(super(x))}","*TSLYEUP":"{#control(shift(super(period)))}","*TSLYERPKT*":"{#control(shift(yen))}","*TLYEIULS*":"{#control(alt(shift(super(h))))}","*TLYIP":"{#control(alt(p))}","*TLYEU^K":"{#control(shift(super(3)))}","*TLYIUPS":"{#control(alt(super(m)))}","*TSLYIK":"{#control(alt(comma))}","*TLEIU^P":"{#alt(shift(super(9)))}","*TLEU^L":"{#shift(super(7))}","*TLYEIUPS":"{#control(alt(shift(super(m))))}","*TLULRPKTS*":"{#super(j)}","*TLYEIUP":"{#control(alt(shift(super(p))))}","*TLE^R":"{#shift(1)}","*TSLYEIKS":"{#control(alt(shift(underscore)))}","*TLYLRK":"{#control(u)}","*TSLYIRPS":"{#control(alt(asciicircum))}","*TSLEUKS":"{#shift(super(underscore))}","*TLYEU^L":"{#control(shift(super(7)))}","*TSLERP":"{#shift(slash)}","*TLYET":"{#control(shift(t))}","*TSLILRPKTS":"{#alt(at)}","*TLEIULRKS":"{#alt(shift(super(x)))}","*TSLIUL":"{#alt(super(apostrophe))}","*TLEIP":"{#alt(shift(p))}","*TLEIUT":"{#alt(shift(super(t)))}","*TSLELPKS":"{#shift(asciitilde)}","*TSLEITS*d":"{#alt(shift(colon))}","*TLYILR*":"{#control(alt(y))}","*TSLUKS":"{#super(underscore)}","*TSLELS":"{#shift(percent)}","*TSLYEURKSd":"{#control(shift(super(bracketright)))}","*TSLYULPKS":"{#control(super(asciitilde))}","*TSLYEIUT":"{#control(alt(shift(super(asterisk))))}","*TSLEURPS":"{#shift(super(asciicircum))}","*TLEIUK*":"{#alt(shift(super(c)))}","*TLYI^LR":"{#control(alt(4))}","*TLEULR*":"{#shift(super(y))}","*TLE^LR":"{#shift(4)}","*TSLIULPTd":"{#alt(super(bracketleft))}","*TLETS*":"{#shift(z)}","*TSLYLPT":"{#control(parenleft)}","*TSLYEUPK":"{#control(shift(super(bar)))}","*TSLYELP":"{#control(shift(quotedbl))}","*TLYU^L":"{#control(super(7))}","*TLE^LRK":"{#shift(0)}","*TSLIPK":"{#alt(bar)}","*TLEI^K":"{#alt(shift(3))}","*TSLYUT":"{#control(super(asterisk))}","*TLIPKTS":"{#alt(g)}","*TSLYULRPKTS":"{#control(super(at))}","*TLYEIU^L":"{#control(alt(shift(super(7))))}","*TSLYIURPS":"{#control(alt(super(asciicircum)))}","*TSLYEIURPKT*":"{#control(alt(shift(super(yen))))}","*TLEUK*":"{#shift(super(c))}","*TLYEIUT":"{#control(alt(shift(super(t))))}","*TSLYLRPK":"{#control(numbersign)}","*TSLEIRPKTd":"{#alt(shift(euro))}","*TLYIPT":"{#control(alt(b))}","*TLYE^K":"{#control(shift(3))}","*TLYK*":"{#control(c)}","*TLYEULRPKTS":"{#control(shift(super(o)))}","*TSLYULRPK*":"{#control(super(registered))}","*TSLYIULPTd":"{#control(alt(super(bracketleft)))}","*TLYE^LRK":"{#control(shift(0))}","*TLYE^L":"{#control(shift(7))}","*TLYEILS*":"{#control(alt(shift(h)))}","*TLEURP*":"{#shift(super(w))}","*TLEIU^PK":"{#alt(shift(super(6)))}","*TSLYULPTd":"{#control(super(bracketleft))}","*TSLEULPKS":"{#shift(super(asciitilde))}","*TSLYURKS*":"{#control(super(greater))}","*TSLIL*d":"{#alt(grave)}","*TSLYRPKT*d":"{#control(sterling)}","*TSLIRPS":"{#alt(asciicircum)}","*TLULR*":"{#super(y)}","*TLEUP":"{#shift(super(p))}","*TSLIKS":"{#alt(underscore)}","*TSLEIP":"{#alt(shift(period))}","*TSLYILPT*d":"{#control(alt(braceleft))}","*TLYEIU^P":"{#control(alt(shift(super(9))))}","*TLYEULS*":"{#control(shift(super(h)))}","*TSLYIUKS":"{#control(alt(super(underscore)))}","*TLYUPT":"{#control(super(b))}","*TLYIT":"{#control(alt(t))}","*TLELRPK":"{#shift(e)}","*TLEIU^K":"{#alt(shift(super(3)))}","*TLYEIPKT":"{#control(alt(shift(f)))}","*TSLYIULS":"{#control(alt(super(percent)))}","*TLYULR*":"{#control(super(y))}","*TSLYIS":"{#control(alt(plus))}","*TSLYRPKT*":"{#control(yen)}","*TLUT":"{#super(t)}","*TSLYIL":"{#control(alt(apostrophe))}","*TSLILS":"{#alt(percent)}","*TLY^R":"{#control(1)}","*TLEU^P":"{#shift(super(9))}","*TLYIUR":"{#control(alt(super(r)))}","*TSLYEIK":"{#control(alt(shift(comma)))}","*TLYEIU^LR":"{#control(alt(shift(super(4))))}","*TSLYIT":"{#control(alt(asterisk))}","*TSLYEUT":"{#control(shift(super(asterisk)))}","*TSLYELPT*d":"{#control(shift(braceleft))}","*TSLEULPT":"{#shift(super(parenleft))}","*TLIPT":"{#alt(b)}","*TLIK*":"{#alt(c)}","*TSLYEIULPKS":"{#control(alt(shift(super(asciitilde))))}","*TLYEKS":"{#control(shift(n))}","*TSLILPT*d":"{#alt(braceleft)}","*TSLYUKS":"{#control(super(underscore))}","*TSLIP":"{#alt(period)}","*TLEL":"{#shift(l)}","*TLIU^LR":"{#alt(super(4))}","*TLIU^L":"{#alt(super(7))}","*TSLYEILKS":"{#control(alt(shift(ampersand)))}","*TLYEUP":"{#control(shift(super(p)))}","*TSLYEK":"{#control(shift(comma))}","*TSLYIPKTS":"{#control(alt(equal))}","*TSLYEURPKT*":"{#control(shift(super(yen)))}","*TLYI^R":"{#control(alt(1))}","*TSLELPK":"{#shift(question)}","*TSLYET":"{#control(shift(asterisk))}","*TSLIUPKTS":"{#alt(super(equal))}","*TLYEIUPKS":"{#control(alt(shift(super(d))))}","*TSLYEIRP":"{#control(alt(shift(slash)))}","*TSLEILKS":"{#alt(shift(ampersand))}","*TSLYEIULPT":"{#control(alt(shift(super(parenleft))))}","*TSLERPS":"{#shift(asciicircum)}","*TSLYIULRPKd":"{#control(alt(super(copyright)))}","*TLYIPKT":"{#control(alt(f))}","*TLU^LRK":"{#super(0)}","*TLYE^R":"{#control(shift(1))}","*TSLYEIULPT*d":"{#control(alt(shift(super(braceleft))))}","*TLEIPKTS":"{#alt(shift(g))}","*TLYEIKTS":"{#control(alt(shift(v)))}","*TLYEI^PK":"{#control(alt(shift(6)))}","*TLIUTS*":"{#alt(super(z))}","*TLYUL":"{#control(super(l))}","*TSLEIL*d":"{#alt(shift(grave))}","*TLEU^PK":"{#shift(super(6))}","*TSLYIURPKT*d":"{#control(alt(super(sterling)))}","*TSLYEIULRPK":"{#control(alt(shift(super(numbersign))))}","*TSLEIULRPKd":"{#alt(shift(super(copyright)))}","*TSLYIULKS":"{#control(alt(super(ampersand)))}","*TSLEIURP":"{#alt(shift(super(slash)))}","*TSLYEIP":"{#control(alt(shift(period)))}","*TSLYELPK":"{#control(shift(question))}","*TSLIS":"{#alt(plus)}","*TSLYILKS":"{#control(alt(ampersand))}","*TSLYERKS*":"{#control(shift(greater))}","*TLYEIU^K":"{#control(alt(shift(super(3))))}","*TSLIPT":"{#alt(minus)}","*TLYEKTS":"{#control(shift(v))}","*TSLYLP":"{#control(quotedbl)}","*TSLYEIUTS":"{#control(alt(shift(super(semicolon))))}","*TSLEIRPKT*d":"{#alt(shift(sterling))}","*TSLITS":"{#alt(semicolon)}","*TLYPK":"{#control(i)}","*TSLYEULRPKd":"{#control(shift(super(copyright)))}","*TSLEPK":"{#shift(bar)}","*TSLYS":"{#control(plus)}","*TSLIRPKTd":"{#alt(euro)}","*TLEUR":"{#shift(super(r))}","*TSLYIULK":"{#control(alt(super(backslash)))}","*TLE^P":"{#shift(9)}","*TLYEI^L":"{#control(alt(shift(7)))}","*TSLEULRPKd":"{#shift(super(copyright))}","*TLYIULRPK":"{#control(alt(super(e)))}","*TSLYUTS":"{#control(super(semicolon))}","*TSLYEULR":"{#control(shift(super(exclam)))}","*TSLEURKS*d":"{#shift(super(braceright))}","*TSLYEIURPKT*d":"{#control(alt(shift(super(sterling))))}","*TLIULRK":"{#alt(super(u))}","*TLYUPKTS":"{#control(super(g))}","*TLILRPKTS":"{#alt(o)}","*TLUKTS":"{#super(v)}","*TSLYEIUPKTS":"{#control(alt(shift(super(equal))))}","*TSLYEP":"{#control(shift(period))}","*TSLEIURKSd":"{#alt(shift(super(bracketright)))}","*TSLYULRPKd":"{#control(super(copyright))}","*TLELRPKTS":"{#shift(o)}","*TSLUT":"{#super(asterisk)}","*TLYUR":"{#control(super(r))}","*TLEIULR*":"{#alt(shift(super(y)))}","*TSLEIRPKT*":"{#alt(shift(yen))}","*TLEIUPKS":"{#alt(shift(super(d)))}","*TLEIPKT":"{#alt(shift(f))}","*TLYUP":"{#control(super(p))}","*TSLYEIRPKT*d":"{#control(alt(shift(sterling)))}","*TLU^LP":"{#super(8)}","*TLI^K":"{#alt(3)}","*TLYEIUL":"{#control(alt(shift(super(l))))}","*TSLEPT":"{#shift(minus)}","*TLEPKTS":"{#shift(g)}","*TLEIK":"{#alt(shift(k))}","*TLI^LRPK":"{#alt(5)}","*TLIUK":"{#alt(super(k))}","*TSLYERP":"{#control(shift(slash))}","*TLYIUS":"{#control(alt(super(s)))}","*TSLEK":"{#shift(comma)}","*TSLIURPKT*d":"{#alt(super(sterling))}","*TLYU^PK":"{#control(super(6))}","*TSLURKS*":"{#super(greater)}","*TLELRPKS":"{#shift(a)}","*TSLYEILRPK*":"{#control(alt(shift(registered)))}","*TLEIPS":"{#alt(shift(m))}","*TSLIULRPKd":"{#alt(super(copyright))}","*TSLEILPT*":"{#alt(shift(less))}","*TLYILRKS":"{#control(alt(x))}","*TSLIRPKT":"{#alt(dollar)}","*TSLYIUL*d":"{#control(alt(super(grave)))}","*TLYEILRPK":"{#control(alt(shift(e)))}","*TSLIURP":"{#alt(super(slash))}","*TLEILS*":"{#alt(shift(h))}","*TSLEIULPKS":"{#alt(shift(super(asciitilde)))}","*TLEIU^LRK":"{#alt(shift(super(0)))}","*TSLEIURPKT":"{#alt(shift(super(dollar)))}","*TSLERPKTd":"{#shift(euro)}","*TSLIURPKT*":"{#alt(super(yen))}","*TSLIUT":"{#alt(super(asterisk))}","*TLYELRPK":"{#control(shift(e))}","*TSLYEUK":"{#control(shift(super(comma)))}","*TLYI^LP":"{#control(alt(8))}","*TSLEIURKS*":"{#alt(shift(super(greater)))}","*TLEPKS":"{#shift(d)}","*TLEIUTS*":"{#alt(shift(super(z)))}","*TSLYEIPKTS":"{#control(alt(shift(equal)))}","*TSLYEIT":"{#control(alt(shift(asterisk)))}","*TLYI^RK":"{#control(alt(2))}","*TSLEILRPKTS":"{#alt(shift(at))}","*TSLEUPK":"{#shift(super(bar))}","*TLYU^LP":"{#control(super(8))}","*TSLERPKT*":"{#shift(yen)}","*TLEI^RK":"{#alt(shift(2))}","*TSLEULPTd":"{#shift(super(bracketleft))}","*TLYEULR*":"{#control(shift(super(y)))}","*TLIUS":"{#alt(super(s))}","*TLYEIU^LRK":"{#control(alt(shift(super(0))))}","*TSLYEILPTd":"{#control(alt(shift(bracketleft)))}","*TLYPKT":"{#control(f)}","*TLYIULRK":"{#control(alt(super(u)))}","*TSLYIRPKT*":"{#control(alt(yen))}","*TLYEIU^RK":"{#control(alt(shift(super(2))))}","*TSLYIULRPK":"{#control(alt(super(numbersign)))}","*TSLYELR":"{#control(shift(exclam))}","*TLYUKS":"{#control(super(n))}","*TSLYEIRKS*":"{#control(alt(shift(greater)))}","*TSLEUPT":"{#shift(super(minus))}","*TSLYLPK":"{#control(question)}","*TSLURKS*d":"{#super(braceright)}","*TLYLRKS":"{#control(x)}","*TLYEL":"{#control(shift(l))}","*TSLYITS":"{#control(alt(semicolon))}","*TLEIS":"{#alt(shift(s))}","*TLYEUL":"{#control(shift(super(l)))}","*TLYEIULR*":"{#control(alt(shift(super(y))))}","*TLIS":"{#alt(s)}","*TLEU^RK":"{#shift(super(2))}","*TLYIU^PK":"{#control(alt(super(6)))}","*TSLYIUPK":"{#control(alt(super(bar)))}","*TLUS":"{#super(s)}","*TSLYILRPKd":"{#control(alt(copyright))}","*TSLYEILPKS":"{#control(alt(shift(asciitilde)))}","*TLEIUPT*":"{#alt(shift(super(q)))}","*TSLYURPS":"{#control(super(asciicircum))}","*TSLYEIPT":"{#control(alt(shift(minus)))}","*TLEIULRPKTS*":"{#alt(shift(super(j)))}","*TSLYIURPKT":"{#control(alt(super(dollar)))}","*TSLILRPKd":"{#alt(copyright)}","*TSLELRPKd":"{#shift(copyright)}","*TLUK*":"{#super(c)}","*TSLEILRPKd":"{#alt(shift(copyright))}","*TSLYURKS":"{#control(super(parenright))}","*TSLELRPK":"{#shift(numbersign)}","*TLYEI^R":"{#control(alt(shift(1)))}","*TLYIPKTS":"{#control(alt(g))}","*TLES":"{#shift(s)}","*TLE^LRPK":"{#shift(5)}","*TSLUS":"{#super(plus)}","*TLYEI^RK":"{#control(alt(shift(2)))}","*TLI^P":"{#alt(9)}","*TSLIULPT*":"{#alt(super(less))}","*TSLEIUL*d":"{#alt(shift(super(grave)))}","*TSLYIULPK":"{#control(alt(super(question)))}","*TLEILRKS":"{#alt(shift(x))}","*TSLIUS":"{#alt(super(plus))}","*TLYIPT*":"{#control(alt(q))}","*TSLYULR":"{#control(super(exclam))}","*TLYEIKS":"{#control(alt(shift(n)))}","*TSLYEURPKT*d":"{#control(shift(super(sterling)))}","*TSLEURKSd":"{#shift(super(bracketright))}","*TSLULRPKd":"{#super(copyright)}","*TSLILKS":"{#alt(ampersand)}","*TSLEULS":"{#shift(super(percent))}","*TLYILRPKTS":"{#control(alt(o))}","*TSLYIULPKS":"{#control(alt(super(asciitilde)))}","*TLYETS*":"{#control(shift(z))}","*TSLIULRPK":"{#alt(super(numbersign))}","*TLEPS":"{#shift(m)}","*TLYEUPT*":"{#control(shift(super(q)))}","*TSLYEILPT*":"{#control(alt(shift(less)))}","*TSLYEUL":"{#control(shift(super(apostrophe)))}","*TLYEUPK":"{#control(shift(super(i)))}","*TLYULRPK":"{#control(super(e))}","*TLEI^P":"{#alt(shift(9))}","*TSLEULK":"{#shift(super(backslash))}","*TSLYIUPT":"{#control(alt(super(minus)))}","*TSLULS":"{#super(percent)}","*TLEIKS":"{#alt(shift(n))}","*TSLEUTS":"{#shift(super(semicolon))}","*TSLYLRPKd":"{#control(copyright)}","*TSLYIRPKT":"{#control(alt(dollar))}","*TLILRPK":"{#alt(e)}","*TLYKS":"{#control(n)}","*TLEULRKS":"{#shift(super(x))}","*TLEIT":"{#alt(shift(t))}","*TSLYULP":"{#control(super(quotedbl))}","*TSLURPKT*":"{#super(yen)}","*TSLYEIL":"{#control(alt(shift(apostrophe)))}","*TLYIURP*":"{#control(alt(super(w)))}","*TSLYIUPKTS":"{#control(alt(super(equal)))}","*TSLYEULRPK":"{#control(shift(super(numbersign)))}","*TLYPKS":"{#control(d)}","*TSLYEPKTS":"{#control(shift(equal))}","*TLEULRK":"{#shift(super(u))}","*TLUPKTS":"{#super(g)}","*TSLYILPTd":"{#control(alt(bracketleft))}","*TSLYEULPT":"{#control(shift(super(parenleft)))}","*TSLEIULRPKTS":"{#alt(shift(super(at)))}","*TSLIUP":"{#alt(super(period))}","*TLEIU^R":"{#alt(shift(super(1)))}","*TLYI^LRK":"{#control(alt(0))}","*TLYEUR":"{#control(shift(super(r)))}","*TSLEITS":"{#alt(shift(semicolon))}","*TLILR*":"{#alt(y)}","*TLYUS":"{#control(super(s))}","*TSLERPKT":"{#shift(dollar)}","*TLIR":"{#alt(r)}","*TLYUTS*":"{#control(super(z))}","*TSLEL":"{#shift(apostrophe)}","*TLYEPS":"{#control(shift(m))}","*TSLYEURPKTd":"{#control(shift(super(euro)))}","*TSLELRPK*":"{#shift(registered)}","*TLYIUTS*":"{#control(alt(super(z)))}","*TLYUPKS":"{#control(super(d))}","*TLYELRPKTS*":"{#control(shift(j))}","*TSLEULRPKTS":"{#shift(super(at))}","*TLEULS*":"{#shift(super(h))}","*TLEIUS":"{#alt(shift(super(s)))}","*TSLEILP":"{#alt(shift(quotedbl))}","*TSLYEIULPTd":"{#control(alt(shift(super(bracketleft))))}","*TSLIULPT":"{#alt(super(parenleft))}","*TLYILRPK":"{#control(alt(e))}","*TLYEI^K":"{#control(alt(shift(3)))}","*TSLYEIUTS*d":"{#control(alt(shift(super(colon))))}","*TSLYES":"{#control(shift(plus))}","*TSLYIURKSd":"{#control(alt(super(bracketright)))}","*TSLYUK":"{#control(super(comma))}","*TLU^P":"{#super(9)}","*TLYUK*":"{#control(super(c))}","*TSLEIULPT":"{#alt(shift(super(parenleft)))}","*TSLYEIULPT*":"{#control(alt(shift(super(less))))}","*TLYEIU^LRPK":"{#control(alt(shift(super(5))))}","*TSLULR":"{#super(exclam)}","*TSLYEL":"{#control(shift(apostrophe))}","*TLYEIK":"{#control(alt(shift(k)))}","*TLEIULRK":"{#alt(shift(super(u)))}","*TLYEILRK":"{#control(alt(shift(u)))}","*TLYU^LRPK":"{#control(super(5))}","*TSLYEIRKSd":"{#control(alt(shift(bracketright)))}","*TLYEIUPKTS":"{#control(alt(shift(super(g))))}","*TLYEU^LRK":"{#control(shift(super(0)))}","*TSLEILR":"{#alt(shift(exclam))}","*TSLURKS":"{#super(parenright)}","*TLYEU^PK":"{#control(shift(super(6)))}","*TSLYEUPKTS":"{#control(shift(super(equal)))}","*TLYEIUPT*":"{#control(alt(shift(super(q))))}","*TLEI^LP":"{#alt(shift(8))}","*TSLEUTS*d":"{#shift(super(colon))}","*TSLEURP":"{#shift(super(slash))}","*TSLILPT*":"{#alt(less)}","*TSLYEURP":"{#control(shift(super(slash)))}","*TSLYRP":"{#control(slash)}","*TSLYEPK":"{#control(shift(bar))}","*TLYIUPK":"{#control(alt(super(i)))}","*TLUPT*":"{#super(q)}","*TSLYIRPKT*d":"{#control(alt(sterling))}","*TLYIULRKS":"{#control(alt(super(x)))}","*TLEIULRPKS":"{#alt(shift(super(a)))}","*TSLULPTd":"{#super(bracketleft)}","*TLUKS":"{#super(n)}","*TSLIL":"{#alt(apostrophe)}","*TLYELRK":"{#control(shift(u))}","*TLEUPS":"{#shift(super(m))}","*TLYEIP":"{#control(alt(shift(p)))}","*TLYIULRPKTS":"{#control(alt(super(o)))}","*TLYU^RK":"{#control(super(2))}","*TLI^LRK":"{#alt(0)}","*TLYIUT":"{#control(alt(super(t)))}","*TSLYLKS":"{#control(ampersand)}","*TLUPS":"{#super(m)}","*TSLYIRKS*":"{#control(alt(greater))}","*TSLYEIULP":"{#control(alt(shift(super(quotedbl))))}","*TSLEULRPK*":"{#shift(super(registered))}","*TLYIU^LR":"{#control(alt(super(4)))}","*TLIU^P":"{#alt(super(9))}","*TLEK*":"{#shift(c)}","*TLYI^PK":"{#control(alt(6))}","*TLIPK":"{#alt(i)}","*TLYEUKTS":"{#control(shift(super(v)))}","*TSLET":"{#shift(asterisk)}","*TSLYULK":"{#control(super(backslash))}","*TSLYEULP":"{#control(shift(super(quotedbl)))}","*TSLYIKS":"{#control(alt(underscore))}","*TLYPS":"{#control(m)}","*TSLYIURKS":"{#control(alt(super(parenright)))}","*TLYIK":"{#control(alt(k))}","*TSLURPKT*d":"{#super(sterling)}","*TLYEULRK":"{#control(shift(super(u)))}","*TLYEUPKS":"{#control(shift(super(d)))}","*TLIUK*":"{#alt(super(c))}","*TLYIULR*":"{#control(alt(super(y)))}","*TLEKS":"{#shift(n)}","*TLEILRPKTS*":"{#alt(shift(j))}","*TLYEIU^R":"{#control(alt(shift(super(1))))}","*TSLILPT":"{#alt(parenleft)}","*TSLEULPK":"{#shift(super(question))}","*TLEILRPKTS":"{#alt(shift(o))}","*TLYEITS*":"{#control(alt(shift(z)))}","*TSLIUKS":"{#alt(super(underscore))}","*TSLELPT":"{#shift(parenleft)}","*TSLYUL":"{#control(super(apostrophe))}","*TSLEIS":"{#alt(shift(plus))}","*TLYEI^P":"{#control(alt(shift(9)))}","*TSLYRKS*d":"{#control(braceright)}","*TLYEI^LRPK":"{#control(alt(shift(5)))}","*TSLYEULK":"{#control(shift(super(backslash)))}","*TSLIULRPKTS":"{#alt(super(at))}","*TLYEULRPKTS*":"{#control(shift(super(j)))}","*TLYEIL":"{#control(alt(shift(l)))}","*TSLYRKS*":"{#control(greater)}","*TLYIU^L":"{#control(alt(super(7)))}","*TLYIR":"{#control(alt(r))}","*TLYUPK":"{#control(super(i))}","*TSLEL*d":"{#shift(grave)}","*TSLEUS":"{#shift(super(plus))}","*TLU^RK":"{#super(2)}","*TSLYEIULR":"{#control(alt(shift(super(exclam))))}","*TLEIR":"{#alt(shift(r))}","*TLYU^K":"{#control(super(3))}","*TLYEIULRKS":"{#control(alt(shift(super(x))))}","*TSLYILPKS":"{#control(alt(asciitilde))}","*TLYILRK":"{#control(alt(u))}","*TLEIUKTS":"{#alt(shift(super(v)))}","*TSLYRPKT":"{#control(dollar)}","*TSLEULP":"{#shift(super(quotedbl))}","*TLYEURP*":"{#control(shift(super(w)))}","*TSLEIULKS":"{#alt(shift(super(ampersand)))}","*TLEIKTS":"{#alt(shift(v))}","*TSLYPK":"{#control(bar)}","*TSLYILRPK":"{#control(alt(numbersign))}","*TLYEUPKTS":"{#control(shift(super(g)))}","*TSLYULRPK":"{#control(super(numbersign))}","*TLEIU^LP":"{#alt(shift(super(8)))}","*TLEUK":"{#shift(super(k))}","*TSLEIULRPK":"{#alt(shift(super(numbersign)))}","*TSLYIPT":"{#control(alt(minus))}","*TSLYEURPKT":"{#control(shift(super(dollar)))}","*TSLYEULKS":"{#control(shift(super(ampersand)))}","*TSLYIUL":"{#control(alt(super(apostrophe)))}","*TLYEU^LRPK":"{#control(shift(super(5)))}","*TLIU^RK":"{#alt(super(2))}","*TLYIUK*":"{#control(alt(super(c)))}","*TSLYEIUL*d":"{#control(alt(shift(super(grave))))}","*TLIU^K":"{#alt(super(3))}","*TLYIU^RK":"{#control(alt(super(2)))}","*TSLEIPK":"{#alt(shift(bar))}","*TSLYEIULRPK*":"{#control(alt(shift(super(registered))))}","*TLYEIUPK":"{#control(alt(shift(super(i))))}","*TLYEILRPKTS":"{#control(alt(shift(o)))}","*TLYUPKT":"{#control(super(f))}","*TSLEIULP":"{#alt(shift(super(quotedbl)))}","*TSLEIULPK":"{#alt(shift(super(question)))}","*TLIPKT":"{#alt(f)}","*TSLEULR":"{#shift(super(exclam))}","*TSLEIRPKT":"{#alt(shift(dollar))}","*TLYIUPKT":"{#control(alt(super(f)))}","*TSLYEITS*d":"{#control(alt(shift(colon)))}","*TLYIL":"{#control(alt(l))}","*TLEP":"{#shift(p)}","*TSLYEURPS":"{#control(shift(super(asciicircum)))}","*TSLYEIULRPKd":"{#control(alt(shift(super(copyright))))}","*TSLYIRP":"{#control(alt(slash))}","*TLYEUT":"{#control(shift(super(t)))}","*TLIULS*":"{#alt(super(h))}","*TLIP":"{#alt(p)}","*TSLYRKS":"{#control(parenright)}","*TLEI^PK":"{#alt(shift(6))}","*TLYIU^P":"{#control(alt(super(9)))}","*TSLYEULPTd":"{#control(shift(super(bracketleft)))}","*TLYULRKS":"{#control(super(x))}","*TLYIULRPKTS*":"{#control(alt(super(j)))}","*TLYEIUKTS":"{#control(alt(shift(super(v))))}","*TSLYURPKTd":"{#control(super(euro))}","*TSLEILPTd":"{#alt(shift(bracketleft))}","*TSLIURKS*d":"{#alt(super(braceright))}","*TSLEIUPK":"{#alt(shift(super(bar)))}","*TSLYEPT":"{#control(shift(minus))}","*TSLUPK":"{#super(bar)}","*TLY^L":"{#control(7)}","*TLYEPK":"{#control(shift(i))}","*TSLEILK":"{#alt(shift(backslash))}","*TLULRPKTS":"{#super(o)}","*TLEIUPS":"{#alt(shift(super(m)))}","*TLYEIRP*":"{#control(alt(shift(w)))}","*TLIRP*":"{#alt(w)}","*TLEIURP*":"{#alt(shift(super(w)))}","*TSLEUT":"{#shift(super(asterisk))}","*TSLIULPT*d":"{#alt(super(braceleft))}","*TLYEIT":"{#control(alt(shift(t)))}","*TLYEUPKT":"{#control(shift(super(f)))}","*TSLEILPT":"{#alt(shift(parenleft))}","*TSLYRPS":"{#control(asciicircum)}","*TSLURKSd":"{#super(bracketright)}","*TSLYEIUK":"{#control(alt(shift(super(comma))))}","*TSLYEIUPK":"{#control(alt(shift(super(bar))))}","*TSLYEILPK":"{#control(alt(shift(question)))}","*TLIPS":"{#alt(m)}","*TSLUP":"{#super(period)}","*TSLETS*d":"{#shift(colon)}","*TLEUPKS":"{#shift(super(d))}","*TLIUKTS":"{#alt(super(v))}","*TSLEULPT*":"{#shift(super(less))}","*TSLYEIRPKT":"{#control(alt(shift(dollar)))}","*TLYEIK*":"{#control(alt(shift(c)))}","*TLYEULRKS":"{#control(shift(super(x)))}","*TLIU^PK":"{#alt(super(6))}","*TSLYRKSd":"{#control(bracketright)}","*TLYEIU^PK":"{#control(alt(shift(super(6))))}","*TLELRKS":"{#shift(x)}","*TSLEUPKTS":"{#shift(super(equal))}","*TLYEPKTS":"{#control(shift(g))}","*TLU^PK":"{#super(6)}","*TLYLRPK":"{#control(e)}","*TSLYILPT*":"{#control(alt(less))}","*TSLYERPKT*d":"{#control(shift(sterling))}","*TSLEIUL":"{#alt(shift(super(apostrophe)))}","*TLYELRPKS":"{#control(shift(a))}","*TLYU^P":"{#control(super(9))}","*TSLEIUS":"{#alt(shift(super(plus)))}","*TLYE^LR":"{#control(shift(4))}","*TLYE^LRPK":"{#control(shift(5))}","*TLYIUKTS":"{#control(alt(super(v)))}","*TLURP*":"{#super(w)}","*TLYEUPS":"{#control(shift(super(m)))}","*TLYUPS":"{#control(super(m))}","*TLYEPT":"{#control(shift(b))}","*TLYLRPKTS":"{#control(o)}","*TLYU^LR":"{#control(super(4))}","*TSLIUPK":"{#alt(super(bar))}","*TSLYEIURPKT":"{#control(alt(shift(super(dollar))))}","*TLEIPKS":"{#alt(shift(d))}","*TLUP":"{#super(p)}","*TLUR":"{#super(r)}","*TSLUPKTS":"{#super(equal)}","*TSLEULRPK":"{#shift(super(numbersign))}","*TLYEILR*":"{#control(alt(shift(y)))}","*TSLEIKS":"{#alt(shift(underscore))}","*TSLERKS*":"{#shift(greater)}","*TSLYEUTS*d":"{#control(shift(super(colon)))}","*TLYIS":"{#control(alt(s))}","*TSLYEULPT*d":"{#control(shift(super(braceleft)))}","*TSLYKS":"{#control(underscore)}","*TLY^K":"{#control(3)}","*TSLYIULRPKTS":"{#control(alt(super(at)))}","*TLYLRPKS":"{#control(a)}","*TSLULKS":"{#super(ampersand)}","*TSLILK":"{#alt(backslash)}","*TSLEIUKS":"{#alt(shift(super(underscore)))}","*TLIULRPKS":"{#alt(super(a))}","*TSLEIULRPK*":"{#alt(shift(super(registered)))}","*TSLUK":"{#super(comma)}","*TSLEURPKT*":"{#shift(super(yen))}","*TLYIU^LRPK":"{#control(alt(super(5)))}","*TLEU^LRPK":"{#shift(super(5))}","*TSLEURKS*":"{#shift(super(greater))}","*TSLIULP":"{#alt(super(quotedbl))}","*TLE^L":"{#shift(7)}","*TLYIU^K":"{#control(alt(super(3)))}","*TSLYEIULKS":"{#control(alt(shift(super(ampersand))))}","*TSLYIURKS*d":"{#control(alt(super(braceright)))}","*TSLYLPKS":"{#control(asciitilde)}","*TLYEULRPK":"{#control(shift(super(e)))}","*TSLEIUTS":"{#alt(shift(super(semicolon)))}","*TLYEUKS":"{#control(shift(super(n)))}","*TLYILRPKTS*":"{#control(alt(j))}","*TLYEIPK":"{#control(alt(shift(i)))}","*TLE^K":"{#shift(3)}","*TLEKTS":"{#shift(v)}","*TSLYL":"{#control(apostrophe)}","*TLYR":"{#control(r)}","*TLEIL":"{#alt(shift(l))}","*TSLIRPKT*":"{#alt(yen)}","*TLEI^LRPK":"{#alt(shift(5))}","*TSLYEIRPS":"{#control(alt(shift(asciicircum)))}","*TLYIU^R":"{#control(alt(super(1)))}","*TLUTS*":"{#super(z)}","*TLYPT":"{#control(b)}","*TLYEILRKS":"{#control(alt(shift(x)))}","*TLEU^R":"{#shift(super(1))}","*TSLYILK":"{#control(alt(backslash))}","*TSLYERPKTd":"{#control(shift(euro))}","*TSLEIL":"{#alt(shift(apostrophe))}","*TLEIU^LR":"{#alt(shift(super(4)))}","*TLEIULRPK":"{#alt(shift(super(e)))}","*TSLYEIPK":"{#control(alt(shift(bar)))}","*TLE^LP":"{#shift(8)}","*TLI^PK":"{#alt(6)}","*TSLYEIURKSd":"{#control(alt(shift(super(bracketright))))}","*TSLEILS":"{#alt(shift(percent))}","*TSLURPKTd":"{#super(euro)}","*TSLYEILRPKTS":"{#control(alt(shift(at)))}","*TSLYIULR":"{#control(alt(super(exclam)))}","*TLEILRK":"{#alt(shift(u))}","*TLIULRPKTS":"{#alt(super(o))}","*TSLILPKS":"{#alt(asciitilde)}","*TLYIK*":"{#control(alt(c))}","*TSLYIULPT*d":"{#control(alt(super(braceleft)))}","*TSLEIURKS*d":"{#alt(shift(super(braceright)))}","*TSLES":"{#shift(plus)}","*TSLEUK":"{#shift(super(comma))}","*TSLYEUPT":"{#control(shift(super(minus)))}","*TSLELPT*":"{#shift(less)}","*TLEPT":"{#shift(b)}","*TSLEIURKS":"{#alt(shift(super(parenright)))}","*TSLIUK":"{#alt(super(comma))}","*TSLYURPKT*d":"{#control(super(sterling))}","*TSLYLPT*d":"{#control(braceleft)}","*TSLETS":"{#shift(semicolon)}","*TLIUPT*":"{#alt(super(q))}","*TLEU^LR":"{#shift(super(4))}","*TSLYIUT":"{#control(alt(super(asterisk)))}","*TSLIURPKT":"{#alt(super(dollar))}","*TLEUPK":"{#shift(super(i))}","*TLIK":"{#alt(k)}","*TSLYT":"{#control(asterisk)}","*TLEIUPK":"{#alt(shift(super(i)))}","*TLYKTS":"{#control(v)}","*TSLULRPK*":"{#super(registered)}","*TSLYEURKS*d":"{#control(shift(super(braceright)))}","*TLY^PK":"{#control(6)}","*TLYLRPKTS*":"{#control(j)}","*TLULS*":"{#super(h)}","*TSLYIPK":"{#control(alt(bar))}","*TLEIUPKT":"{#alt(shift(super(f)))}","*TSLEULKS":"{#shift(super(ampersand))}","*TSLYETS":"{#control(shift(semicolon))}","*TLEIUKS":"{#alt(shift(super(n)))}","*TSLIURKS":"{#alt(super(parenright))}","*TSLULPKS":"{#super(asciitilde)}","*TLYER":"{#control(shift(r))}","*TLYEIURP*":"{#control(alt(shift(super(w))))}","*TSLIURKS*":"{#alt(super(greater))}","*TSLYEULRPK*":"{#control(shift(super(registered)))}","*TSLEURPKTd":"{#shift(super(euro))}","*TLYUKTS":"{#control(super(v))}","*TSLEKS":"{#shift(underscore)}","*TSLEIURPKTd":"{#alt(shift(super(euro)))}","*TLET":"{#shift(t)}","*TSLYERPS":"{#control(shift(asciicircum))}","*TLEI^LRK":"{#alt(shift(0))}","*TSLYUL*d":"{#control(super(grave))}","*TLIUP":"{#alt(super(p))}","*TSLYEL*d":"{#control(shift(grave))}","*TLEIUPKTS":"{#alt(shift(super(g)))}","*TLUPK":"{#super(i)}","*TLYU^R":"{#control(super(1))}","*TSLERPKT*d":"{#shift(sterling)}","*TLYIUPT":"{#control(alt(super(b)))}","*TLEILR*":"{#alt(shift(y))}","*TLU^LRPK":"{#super(5)}","*TSLILPK":"{#alt(question)}","*TLYI^LRPK":"{#control(alt(5))}","*TLEIU^RK":"{#alt(shift(super(2)))}","*TLIUPKTS":"{#alt(super(g))}","*TSLYURP":"{#control(super(slash))}","*TSLYIULPT":"{#control(alt(super(parenleft)))}","*TLIL":"{#alt(l)}","*TLYI^P":"{#control(alt(9))}","*TSLYUTS*d":"{#control(super(colon))}","*TSLYEURKS*":"{#control(shift(super(greater)))}","*TLYIUP":"{#control(alt(super(p)))}","*TLEUKS":"{#shift(super(n))}","*TLYEIPT*":"{#control(alt(shift(q)))}","*TLYL":"{#control(l)}","*TSLIULR":"{#alt(super(exclam))}","*TSLIULRPK*":"{#alt(super(registered))}","*TSLYEIUP":"{#control(alt(shift(super(period))))}","*TSLEIULS":"{#alt(shift(super(percent)))}","*TLYEIUK":"{#control(alt(shift(super(k))))}","*TSLYERKS*d":"{#control(shift(braceright))}","*TLYULRPKTS":"{#control(super(o))}","*TSLULPT*":"{#super(less)}","*TSLELR":"{#shift(exclam)}","*TLYEK":"{#control(shift(k))}","*TLEIUK":"{#alt(shift(super(k)))}","*TLYU^LRK":"{#control(super(0))}","*TSLYIUTS*d":"{#control(alt(super(colon)))}","*TSLYIURPKT*":"{#control(alt(super(yen)))}","*TSLULRPK":"{#super(numbersign)}","*TSLYIUTS":"{#control(alt(super(semicolon)))}","*TSLERKS":"{#shift(parenright)}","*TSLYEULPK":"{#control(shift(super(question)))}","*TLYEIULRK":"{#control(alt(shift(super(u))))}","*TSLYEIURPKTd":"{#control(alt(shift(super(euro))))}","*TSLYEULS":"{#control(shift(super(percent)))}","*TLIUT":"{#alt(super(t))}","*TSLYIURPKTd":"{#control(alt(super(euro)))}","*TSLILR":"{#alt(exclam)}","*TLYEIUKS":"{#control(alt(shift(super(n))))}","*TLUK":"{#super(k)}","*TSLURPS":"{#super(asciicircum)}","*TSLULPK":"{#super(question)}","*TLE^PK":"{#shift(6)}","*TSLELPT*d":"{#shift(braceleft)}","*TSLEIRKS*":"{#alt(shift(greater))}","*TSLYUPKTS":"{#control(super(equal))}","*TLYIU^LRK":"{#control(alt(super(0)))}","*TLYEPKS":"{#control(shift(d))}","*TSLYEIUS":"{#control(alt(shift(super(plus))))}","*TSLYLPTd":"{#control(bracketleft)}","*TSLEIPT":"{#alt(shift(minus))}","*TSLIULPKS":"{#alt(super(asciitilde))}","*TLYITS*":"{#control(alt(z))}","*TLYEUK":"{#control(shift(super(k)))}","*TLYRP*":"{#control(w)}","*TLI^L":"{#alt(7)}","*TSLELPTd":"{#shift(bracketleft)}","*TLEPKT":"{#shift(f)}","*TLYIPKS":"{#control(alt(d))}","*TLI^LP":"{#alt(8)}","*TLULRKS":"{#super(x)}","*TSLYEILRPK":"{#control(alt(shift(numbersign)))}","*TSLYEULPKS":"{#control(shift(super(asciitilde)))}","*TLYEUK*":"{#control(shift(super(c)))}","*TSLULPT":"{#super(parenleft)}","*TLEITS*":"{#alt(shift(z))}","*TSLEIURPS":"{#alt(shift(super(asciicircum)))}","*TLI^LR":"{#alt(4)}","*TLYILS*":"{#control(alt(h))}","*TSLEIUK":"{#alt(shift(super(comma)))}","*TSLYP":"{#control(period)}","*TSLYEIULPK":"{#control(alt(shift(super(question))))}","*TLEIULS*":"{#alt(shift(super(h)))}","*TSLULK":"{#super(backslash)}","*TLYEI^LP":"{#control(alt(shift(8)))}","*TSLIURKSd":"{#alt(super(bracketright))}","*TSLYEILP":"{#control(alt(shift(quotedbl)))}","*TSLYILPK":"{#control(alt(question))}","*TLYULRPKS":"{#control(super(a))}","*TLILRKS":"{#alt(x)}","*TLIUKS":"{#alt(super(n))}","*TSLYIRPKTd":"{#control(alt(euro))}","*TSLYEUL*d":"{#control(shift(super(grave)))}","*TLERP*":"{#shift(w)}","*TSLYULKS":"{#control(super(ampersand))}","*TLYEI^LRK":"{#control(alt(shift(0)))}","*TSLIULPK":"{#alt(super(question))}","*TLYEIPKTS":"{#control(alt(shift(g)))}","*TSLYEIS":"{#control(alt(shift(plus)))}","*TSLYEILPT":"{#control(alt(shift(parenleft)))}","*TLUPKT":"{#super(f)}","*TSLEILRPK":"{#alt(shift(numbersign))}","*TLYULS*":"{#control(super(h))}","*TLEI^L":"{#alt(shift(7))}","*TSLEURKS":"{#shift(super(parenright))}","*TLEU^K":"{#shift(super(3))}","*TSLITS*d":"{#alt(colon)}","*TSLEUL*d":"{#shift(super(grave))}","*TLEIUP":"{#alt(shift(super(p)))}","*TSLYEIUKS":"{#control(alt(shift(super(underscore))))}","*TSLYELPT":"{#control(shift(parenleft))}","*TSLEILPKS":"{#alt(shift(asciitilde))}","*TLYUPT*":"{#control(super(q))}","*TSLEILPT*d":"{#alt(shift(braceleft))}","*TLYILRPKS":"{#control(alt(a))}","*TLEULRPKTS*":"{#shift(super(j))}","*TLYPT*":"{#control(q)}","*TLI^RK":"{#alt(2)}","*TSLYIRKSd":"{#control(alt(bracketright))}","*TSLEURPKT*d":"{#shift(super(sterling))}","*TLYEU^LR":"{#control(shift(super(4)))}","*TSLYLK":"{#control(backslash)}","*TLEUKTS":"{#shift(super(v))}","*TLYEU^P":"{#control(shift(super(9)))}","*TSLYEULPT*":"{#control(shift(super(less)))}","*TSLYELKS":"{#control(shift(ampersand))}","*TSLERKSd":"{#shift(bracketright)}","*TSLILRPK":"{#alt(numbersign)}","*TSLYLPT*":"{#control(less)}","*TSLYEIURP":"{#control(alt(shift(super(slash))))}","*TSLYEIUPT":"{#control(alt(shift(super(minus))))}","*TLEU^LP":"{#shift(super(8))}","*TSLYILPT":"{#control(alt(parenleft))}","*TSLEIRKS":"{#alt(shift(parenright))}","*TLYELR*":"{#control(shift(y))}","*TLELRK":"{#shift(u)}","*TLIULR*":"{#alt(super(y))}","*TLYEIPKS":"{#control(alt(shift(d)))}","*TSLYURKS*d":"{#control(super(braceright))}","*TLEUPT":"{#shift(super(b))}","*TSLIT":"{#alt(asterisk)}","*TSLUTS*d":"{#super(colon)}","*TSLEIUP":"{#alt(shift(super(period)))}","*TSLULPT*d":"{#super(braceleft)}","*TSLYEIRKS*d":"{#control(alt(shift(braceright)))}","*TSLILRPK*":"{#alt(registered)}","*TSLYUPK":"{#control(super(bar))}","*TSLEIT":"{#alt(shift(asterisk))}","*TSLYPKTS":"{#control(equal)}","*TLYEIS":"{#control(alt(shift(s)))}","*TLY^P":"{#control(9)}","*TSLEILPK":"{#alt(shift(question))}","*TSLEIURPKT*":"{#alt(shift(super(yen)))}","*TLYURP*":"{#control(super(w))}","*TSLIULS":"{#alt(super(percent))}","*TLER":"{#shift(r)}","*TLIUPKT":"{#alt(super(f))}","*TLYES":"{#control(shift(s))}","*TLYEIR":"{#control(alt(shift(r)))}","*TLYE^P":"{#control(shift(9))}","*TSLYELPT*":"{#control(shift(less))}","*TLYIKTS":"{#control(alt(v))}","*TSLYEIL*d":"{#control(alt(shift(grave)))}","*TLYS":"{#control(s)}","*TSLEIUTS*d":"{#alt(shift(super(colon)))}","*TSLYEUTS":"{#control(shift(super(semicolon)))}","*TSLEIURPKT*d":"{#alt(shift(super(sterling)))}","*TLEIRP*":"{#alt(shift(w))}","*TSLYILS":"{#control(alt(percent))}","*TSLYIULP":"{#control(alt(super(quotedbl)))}","*TLYUK":"{#control(super(k))}","*TLEIUPT":"{#alt(shift(super(b)))}","*TLYPKTS":"{#control(g)}","*TSLYITS*d":"{#control(alt(colon))}","*TSLYEIRPKT*":"{#control(alt(shift(yen)))}","*TLYEIUR":"{#control(alt(shift(super(r))))}","*TSLEIULPT*d":"{#alt(shift(super(braceleft)))}","*TSLUPT":"{#super(minus)}","*TSLYUP":"{#control(super(period))}","*TLYIUPKS":"{#control(alt(super(d)))}","*TLY^LR":"{#control(4)}","*TSLYEIRPKTd":"{#control(alt(shift(euro)))}","*TLUPKS":"{#super(d)}","*TSLYILR":"{#control(alt(exclam))}","*TSLIUTS":"{#alt(super(semicolon))}","*TSLYELRPKd":"{#control(shift(copyright))}","*TLEIPK":"{#alt(shift(i))}","*TLULRPKS":"{#super(a)}","*TSLEIRKSd":"{#alt(shift(bracketright))}","*TSLELKS":"{#shift(ampersand)}","*TSLIRP":"{#alt(slash)}","*TSLYIRKS":"{#control(alt(parenright))}","*TSLYETS*d":"{#control(shift(colon))}","*TLULRK":"{#super(u)}","*TSLYUPT":"{#control(super(minus))}","*TLYLR*":"{#control(y)}","*TLYULRK":"{#control(super(u))}","*TLEPT*":"{#shift(q)}","*TSLIRPKT*d":"{#alt(sterling)}","*TLEUPKTS":"{#shift(super(g))}","*TSLYELPKS":"{#control(shift(asciitilde))}","*TSLYLRPKTS":"{#control(at)}","*TSLEIULPT*":"{#alt(shift(super(less)))}","*TLEIULRPKTS":"{#alt(shift(super(o)))}","*TLIUPS":"{#alt(super(m))}","*TSLYELRPKTS":"{#control(shift(at))}","*TLU^R":"{#super(1)}","*TLIPKS":"{#alt(d)}","*TSLEIULK":"{#alt(shift(super(backslash)))}","*TLEUT":"{#shift(super(t))}","*TLYEIUPT":"{#control(alt(shift(super(b))))}","*TLYELRPKTS":"{#control(shift(o))}","*TSLYULPK":"{#control(super(question))}","*TLEI^LR":"{#alt(shift(4))}","*TSLYTS*d":"{#control(colon)}","*TSLYEITS":"{#control(alt(shift(semicolon)))}","*TLYLS*":"{#control(h)}","*TSLEIUPKTS":"{#alt(shift(super(equal)))}","*TLEPK":"{#shift(i)}","*TLEIPT":"{#alt(shift(b))}","*TLYEIULRPKTS*":"{#control(alt(shift(super(j))))}","*TSLEIRP":"{#alt(shift(slash))}","*TLEULRPKS":"{#shift(super(a))}","*TSLEUL":"{#shift(super(apostrophe))}","*TSLYEUKS":"{#control(shift(super(underscore)))}","*TSLIULK":"{#alt(super(backslash))}","*TLELR*":"{#shift(y)}","*TSLYTS":"{#control(semicolon)}","*TLILRK":"{#alt(u)}","*TLEUTS*":"{#shift(super(z))}","*TLEUS":"{#shift(super(s))}","*TLEK":"{#shift(k)}","*TLILRPKTS*":"{#alt(j)}","*TLUL":"{#super(l)}","*TLYEIULRPK":"{#control(alt(shift(super(e))))}","*TSLEIULPTd":"{#alt(shift(super(bracketleft)))}","*TSLYUS":"{#control(super(plus))}","*TLYE^PK":"{#control(shift(6))}","*TLYEK*":"{#control(shift(c))}","*TSLYILRPKTS":"{#control(alt(at))}","*TLYEIULRPKS":"{#control(alt(shift(super(a))))}","*TSLYEILRPKd":"{#control(alt(shift(copyright)))}","*TSLELP":"{#shift(quotedbl)}","*TSLYILRPK*":"{#control(alt(registered))}","*TSLYEIURKS":"{#control(alt(shift(super(parenright))))}","*TLU^K":"{#super(3)}","*TSLULRPKTS":"{#super(at)}","*TLEILRPK":"{#alt(shift(e))}","*TSLYEIULS":"{#control(alt(shift(super(percent))))}","*TLYIUL":"{#control(alt(super(l)))}","*TLYIU^LP":"{#control(alt(super(8)))}","*TSLEILRPK*":"{#alt(shift(registered))}","*TLYIUPT*":"{#control(alt(super(q)))}","*TLYEIUK*":"{#control(alt(shift(super(c))))}","*TLIU^LRK":"{#alt(super(0))}"}