{"A*SKLEILRPK*d":"{^}#\u2122\u2122","*SKLULPTd":"{^ ^}[[[","*SKLE-LS":"{^ ^}#%","A*SKLURPS":"{^}^^^","*SKLULPK":"{^ ^}???","*SKLEILS":"{^ ^}#%%","A*SKLURPKT*":"{^}\u00a5\u00a5\u00a5","*SKLIURPKT*d":"{^ ^}\u00a3\u00a3\u00a3\u00a3","A*SKLIURPKTd":"{^}\u20ac\u20ac\u20ac\u20ac","*SKLEIULRPKTS":"{^ ^}#@@@@","A*SKLEIP":"{^}#..","A*SKLIULPK":"{^}????","*SKLULPT":"{^ ^}(((","A*SKLE-PT":"{^}#-","A*SKLIRPS":"{^}^^","A*SKLIPT":"{^}--","A*SKLIURKSd":"{^}]]]]","A*SKLIP":"{^}..","A*SKLEIRPKT*d":"{^}#\u00a3\u00a3","*SKLIULK":"{^ ^}\\\\\\\\","A*SKLIL*d":"{^}``","A*SKLEULPT*d":"{^}#\\{\\{\\{","*SKLULS":"{^ ^}%%%","A*SKL-LPT":"{^}(","*SKLIULPT*":"{^ ^}<<<<","A*SKLEIUS":"{^}#++++","*SKL-RKS":"{^ ^})","*SKLURPS":"{^ ^}^^^","A*SKLEUL*d":"{^}#```","*SKLEIURPKTd":"{^ ^}#\u20ac\u20ac\u20ac\u20ac","A*SKLULPKS":"{^}~~~","A*SKLEIULPTd":"{^}#[[[[","A*SKLEIUT":"{^}#****","*SKLIULPK":"{^ ^}????","*SKLEURPS":"{^ ^}#^^^","*SKL-LPKS":"{^ ^}~","A*SKLEUP":"{^}#...","A*SKLILR":"{^}!!","*SKLEIULKS":"{^ ^}#&&&&","A*SKLEIULP":"{^}#\"\"\"\"","*SKLEULR":"{^ ^}#!!!","*SKLIRP":"{^ ^}\/\/","A*SKLEURPKT":"{^}#$$$","A*SKLEIUTS":"{^}#;;;;","A*SKLIULPT*":"{^}<<<<","A*SKLEULS":"{^}#%%%","A*SKLEURKS*d":"{^}#\\}\\}\\}","*SKLIRPKTd":"{^ ^}\u20ac\u20ac","A*SKLULP":"{^}\"\"\"","A*SKLIULKS":"{^}&&&&","A*SKLIUK":"{^},,,,","*SKLE-RPKT*d":"{^ ^}#\u00a3","*SKLEIULPKS":"{^ ^}#~~~~","A*SKL-LKS":"{^}&","*SKLIRKS":"{^ ^}))","*SKLEILR":"{^ ^}#!!","A*SKLEUS":"{^}#+++","A*SKLEILRPKd":"{^}#\u00a9\u00a9","A*SKLULRPK*d":"{^}\u2122\u2122\u2122","A*SKLEUPT":"{^}#---","A*SKLEIK":"{^}#,,","A*SKLILS":"{^}%%","*SKLEULPT*d":"{^ ^}#\\{\\{\\{","*SKLULPT*":"{^ ^}<<<","A*SKLEILPTd":"{^}#[[","*SKLEITS*d":"{^ ^}#::","A*SKLIULPT*d":"{^}\\{\\{\\{\\{","A*SKLEIURPKT*":"{^}#\u00a5\u00a5\u00a5\u00a5","*SKLEULPKS":"{^ ^}#~~~","*SKLIURPKT*":"{^ ^}\u00a5\u00a5\u00a5\u00a5","*SKLE-LRPK":"{^ ^}##","A*SKLUTS":"{^};;;","*SKLIURPKTd":"{^ ^}\u20ac\u20ac\u20ac\u20ac","A*SKLEUKS":"{^}#___","A*SKLE-LPT*d":"{^}#\\{","A*SKL-L*d":"{^}`","A*SKLIUP":"{^}....","*SKLIL*d":"{^ ^}``","*SKLEUS":"{^ ^}#+++","*SKLILK":"{^ ^}\\\\","*SKLEIURPKT":"{^ ^}#$$$$","A*SKLIPKTS":"{^}==","*SKLEULRPK*":"{^ ^}#\u00ae\u00ae\u00ae","A*SKL-RKSd":"{^}]","*SKLEIULR":"{^ ^}#!!!!","*SKLILPTd":"{^ ^}[[","A*SKLILPTd":"{^}[[","*SKLE-RPKTd":"{^ ^}#\u20ac","A*SKLE-LRPK":"{^}##","A*SKLE-LPKS":"{^}#~","*SKLIS":"{^ ^}++","*SKLEIUTS*d":"{^ ^}#::::","A*SKLEILPKS":"{^}#~~","A*SKLE-LP":"{^}#\"","*SKLIUP":"{^ ^}....","*SKLILPK":"{^ ^}??","*SKLIUTS*d":"{^ ^}::::","*SKLE-S":"{^ ^}#+","*SKL-RKS*d":"{^ ^}\\}","A*SKLEIRP":"{^}#\/\/","*SKLEIRPKTd":"{^ ^}#\u20ac\u20ac","A*SKLEILPT":"{^}#((","A*SKL-RKS*d":"{^}\\}","A*SKLIURP":"{^}\/\/\/\/","*SKLE-PK":"{^ ^}#|","*SKLILP":"{^ ^}\"\"","*SKLIURKS*":"{^ ^}>>>>","A*SKLEIUK":"{^}#,,,,","A*SKLURPKT*d":"{^}\u00a3\u00a3\u00a3","A*SKLEULRPK*d":"{^}#\u2122\u2122\u2122","A*SKLULK":"{^}\\\\\\","*SKLEIULRPK":"{^ ^}#####","A*SKLIRPKTd":"{^}\u20ac\u20ac","*SKLEIUT":"{^ ^}#****","*SKL-RPKT":"{^ ^}$","*SKLEURKS*d":"{^ ^}#\\}\\}\\}","A*SKLEIRKS*":"{^}#>>","*SKLIUS":"{^ ^}++++","*SKLEIUK":"{^ ^}#,,,,","A*SKLITS":"{^};;","A*SKLEUL":"{^}#'''","A*SKLEIUP":"{^}#....","A*SKLIURPKT*":"{^}\u00a5\u00a5\u00a5\u00a5","*SKLE-LRPKTS":"{^ ^}#@","A*SKLEURPKT*":"{^}#\u00a5\u00a5\u00a5","*SKLILRPK*":"{^ ^}\u00ae\u00ae","*SKLILRPK*d":"{^ ^}\u2122\u2122","A*SKLURP":"{^}\/\/\/","*SKL-LRPKd":"{^ ^}\u00a9","A*SKL-S":"{^}+","A*SKL-LRPKTS":"{^}@","*SKLUP":"{^ ^}...","A*SKLIUPK":"{^}||||","A*SKLUS":"{^}+++","A*SKLIUT":"{^}****","*SKLIRKS*d":"{^ ^}\\}\\}","*SKLIRPKT":"{^ ^}$$","A*SKL-T":"{^}*","A*SKLEIULPT":"{^}#((((","A*SKLIUTS":"{^};;;;","*SKL-T":"{^ ^}*","*SKLE-RP":"{^ ^}#\/","A*SKLEITS":"{^}#;;","A*SKLEILRPK":"{^}###","A*SKLE-RP":"{^}#\/","A*SKLULPK":"{^}???","*SKLEIT":"{^ ^}#**","*SKL-RKS*":"{^ ^}>","A*SKLEILKS":"{^}#&&","A*SKL-RPKTd":"{^}\u20ac","A*SKLEULRPK":"{^}####","*SKLIULRPKTS":"{^ ^}@@@@","*SKLIULRPK*":"{^ ^}\u00ae\u00ae\u00ae\u00ae","A*SKLE-RPKTd":"{^}#\u20ac","*SKLEIRPS":"{^ ^}#^^","A*SKLEIRPS":"{^}#^^","A*SKLEULPKS":"{^}#~~~","A*SKLEUPK":"{^}#|||","A*SKL-PK":"{^}|","*SKLE-LPT":"{^ ^}#(","*SKLEURPKT":"{^ ^}#$$$","*SKLEIULRPK*d":"{^ ^}#\u2122\u2122\u2122\u2122","A*SKLE-T":"{^}#*","A*SKLEIUL":"{^}#''''","*SKLIRKS*":"{^ ^}>>","*SKLURKS*d":"{^ ^}\\}\\}\\}","A*SKLIRPKT":"{^}$$","A*SKLEILR":"{^}#!!","*SKLEUK":"{^ ^}#,,,","*SKL-LR":"{^ ^}!","A*SKLE-P":"{^}#.","A*SKLE-LK":"{^}#\\","*SKLULRPKTS":"{^ ^}@@@","*SKLEILRPKTS":"{^ ^}#@@","A*SKLIUL*d":"{^}````","A*SKLEILPT*":"{^}#<<","A*SKLURPKTd":"{^}\u20ac\u20ac\u20ac","*SKL-LPT":"{^ ^}(","A*SKLULPT*d":"{^}\\{\\{\\{","*SKLUPT":"{^ ^}---","*SKLEUL*d":"{^ ^}#```","A*SKLEIUKS":"{^}#____","A*SKLIULRPK*":"{^}\u00ae\u00ae\u00ae\u00ae","*SKL-PT":"{^ ^}-","A*SKLILP":"{^}\"\"","*SKLE-RPS":"{^ ^}#^","*SKLEUKS":"{^ ^}#___","A*SKLURKS":"{^})))","A*SKLE-LPT":"{^}#(","A*SKLEULR":"{^}#!!!","A*SKLULR":"{^}!!!","*SKL-TS*d":"{^ ^}:","A*SKLEIULPKS":"{^}#~~~~","A*SKL-RPKT":"{^}$","A*SKLIRP":"{^}\/\/","A*SKLUTS*d":"{^}:::","A*SKLUL*d":"{^}```","A*SKLURKS*d":"{^}\\}\\}\\}","*SKLE-LPKS":"{^ ^}#~","*SKLIULPT*d":"{^ ^}\\{\\{\\{\\{","*SKLURPKT":"{^ ^}$$$","A*SKLEULKS":"{^}#&&&","A*SKLE-RPKT*d":"{^}#\u00a3","*SKLEIUTS":"{^ ^}#;;;;","*SKLEUTS*d":"{^ ^}#:::","A*SKLE-TS":"{^}#;","A*SKL-LPTd":"{^}[","*SKLUL*d":"{^ ^}```","*SKLEIRKSd":"{^ ^}#]]","*SKL-LPT*d":"{^ ^}\\{","A*SKLIRPKT*":"{^}\u00a5\u00a5","A*SKLEILPT*d":"{^}#\\{\\{","A*SKLULPTd":"{^}[[[","*SKLUPKTS":"{^ ^}===","*SKLEIK":"{^ ^}#,,","A*SKLIURKS":"{^}))))","A*SKLUPKTS":"{^}===","*SKLEIL*d":"{^ ^}#``","A*SKLEULRPK*":"{^}#\u00ae\u00ae\u00ae","A*SKLURPKT":"{^}$$$","*SKLEIRKS*d":"{^ ^}#\\}\\}","*SKL-KS":"{^ ^}_","A*SKLIRKS*d":"{^}\\}\\}","A*SKLILPKS":"{^}~~","*SKLEIKS":"{^ ^}#__","*SKLEULRPKd":"{^ ^}#\u00a9\u00a9\u00a9","A*SKL-PKTS":"{^}=","A*SKLEIULPK":"{^}#????","A*SKLEIULPT*d":"{^}#\\{\\{\\{\\{","*SKL-LK":"{^ ^}\\","A*SKLEIULRPK*d":"{^}#\u2122\u2122\u2122\u2122","*SKLURPKT*":"{^ ^}\u00a5\u00a5\u00a5","*SKLE-RKS*d":"{^ ^}#\\}","A*SKLURKS*":"{^}>>>","*SKL-LPT*":"{^ ^}<","*SKLUPK":"{^ ^}|||","A*SKLEIURPKT":"{^}#$$$$","*SKLIULP":"{^ ^}\"\"\"\"","A*SKLE-RKS":"{^}#)","A*SKLEURP":"{^}#\/\/\/","A*SKLEILS":"{^}#%%","A*SKLITS*d":"{^}::","A*SKLE-LRPK*":"{^}#\u00ae","*SKL-LS":"{^ ^}%","A*SKL-LR":"{^}!","A*SKLE-LRPKd":"{^}#\u00a9","*SKLIURP":"{^ ^}\/\/\/\/","*SKLEIURP":"{^ ^}#\/\/\/\/","A*SKLIULPT":"{^}((((","A*SKLEURKSd":"{^}#]]]","A*SKLIT":"{^}**","*SKLIURKS*d":"{^ ^}\\}\\}\\}\\}","*SKLILR":"{^ ^}!!","A*SKLE-PKTS":"{^}#=","A*SKLEULP":"{^}#\"\"\"","*SKL-TS":"{^ ^};","*SKLE-LPTd":"{^ ^}#[","A*SKLUPK":"{^}|||","*SKLEULP":"{^ ^}#\"\"\"","*SKL-LP":"{^ ^}\"","A*SKLIUS":"{^}++++","*SKLEILPKS":"{^ ^}#~~","A*SKL-RPKT*d":"{^}\u00a3","A*SKL-LRPK":"{^}#","A*SKLEIURKS*d":"{^}#\\}\\}\\}\\}","A*SKLEURPKT*d":"{^}#\u00a3\u00a3\u00a3","*SKLULPKS":"{^ ^}~~~","A*SKLIPK":"{^}||","*SKLULK":"{^ ^}\\\\\\","A*SKLIULR":"{^}!!!!","*SKLEIULRPK*":"{^ ^}#\u00ae\u00ae\u00ae\u00ae","A*SKLEIULR":"{^}#!!!!","A*SKLEIUPKTS":"{^}#====","*SKLITS":"{^ ^};;","A*SKLUL":"{^}'''","*SKLEIULS":"{^ ^}#%%%%","*SKLULP":"{^ ^}\"\"\"","*SKLE-TS*d":"{^ ^}#:","*SKL-PKTS":"{^ ^}=","*SKLEIULPT*":"{^ ^}#<<<<","*SKLEILPT*":"{^ ^}#<<","A*SKLILPK":"{^}??","*SKLEILRPK*d":"{^ ^}#\u2122\u2122","*SKL-RPKTd":"{^ ^}\u20ac","*SKLEIRKS":"{^ ^}#))","*SKLE-RPKT*":"{^ ^}#\u00a5","*SKLILRPKTS":"{^ ^}@@","*SKLIULRPKd":"{^ ^}\u00a9\u00a9\u00a9\u00a9","*SKLEIUL":"{^ ^}#''''","*SKL-RPKT*d":"{^ ^}\u00a3","A*SKLEILPK":"{^}#??","*SKLEIULPK":"{^ ^}#????","*SKLIUPK":"{^ ^}||||","*SKLURKS*":"{^ ^}>>>","A*SKL-PT":"{^}-","*SKLEILPK":"{^ ^}#??","A*SKLE-LS":"{^}#%","A*SKLE-RKSd":"{^}#]","*SKLUK":"{^ ^},,,","*SKLE-RKS*":"{^ ^}#>","A*SKLE-RKS*":"{^}#>","A*SKLE-KS":"{^}#_","*SKLITS*d":"{^ ^}::","*SKLIURKS":"{^ ^}))))","A*SKLULPT*":"{^}<<<","A*SKLIKS":"{^}__","*SKL-RP":"{^ ^}\/","*SKLEIPKTS":"{^ ^}#==","A*SKLULRPK":"{^}###","A*SKLEIURPS":"{^}#^^^^","*SKLEUPKTS":"{^ ^}#===","*SKLEIRP":"{^ ^}#\/\/","*SKLIT":"{^ ^}**","A*SKL-LRPK*":"{^}\u00ae","A*SKL-LPT*":"{^}<","*SKLULR":"{^ ^}!!!","A*SKLIURKS*d":"{^}\\}\\}\\}\\}","*SKLE-L":"{^ ^}#'","A*SKLEURKS":"{^}#)))","A*SKLEIULS":"{^}#%%%%","A*SKLEIUL*d":"{^}#````","*SKL-LRPK":"{^ ^}#","A*SKL-LPK":"{^}?","*SKLE-LP":"{^ ^}#\"","A*SKLE-LPTd":"{^}#[","A*SKLIUTS*d":"{^}::::","A*SKL-LK":"{^}\\","*SKLEIUS":"{^ ^}#++++","*SKLEIRPKT*":"{^ ^}#\u00a5\u00a5","*SKL-K":"{^ ^},","*SKLIL":"{^ ^}''","*SKLIKS":"{^ ^}__","A*SKL-RPKT*":"{^}\u00a5","*SKLIRPS":"{^ ^}^^","*SKLURPKTd":"{^ ^}\u20ac\u20ac\u20ac","*SKLILPT*":"{^ ^}<<","A*SKLEIURKS*":"{^}#>>>>","*SKLIURPKT":"{^ ^}$$$$","*SKLEIPK":"{^ ^}#||","A*SKLEIUPK":"{^}#||||","*SKLE-PKTS":"{^ ^}#=","A*SKLIULRPK*d":"{^}\u2122\u2122\u2122\u2122","*SKLEUTS":"{^ ^}#;;;","*SKLE-RKS":"{^ ^}#)","A*SKLEULPT":"{^}#(((","A*SKLIRPKT*d":"{^}\u00a3\u00a3","A*SKL-LPKS":"{^}~","*SKLEIULK":"{^ ^}#\\\\\\\\","*SKLIULPKS":"{^ ^}~~~~","*SKLEIURKS*d":"{^ ^}#\\}\\}\\}\\}","A*SKL-LP":"{^}\"","*SKLILS":"{^ ^}%%","*SKLIULPT":"{^ ^}((((","*SKLULRPK":"{^ ^}###","*SKLURP":"{^ ^}\/\/\/","*SKLIULRPK*d":"{^ ^}\u2122\u2122\u2122\u2122","*SKL-RPS":"{^ ^}^","A*SKLE-RPS":"{^}#^","*SKLEIURKS":"{^ ^}#))))","*SKL-LPTd":"{^ ^}[","*SKLE-RKSd":"{^ ^}#]","A*SKLIRKS":"{^}))","A*SKLEIURKS":"{^}#))))","A*SKLEULK":"{^}#\\\\\\","A*SKLEURPKTd":"{^}#\u20ac\u20ac\u20ac","A*SKLEULPK":"{^}#???","A*SKL-K":"{^},","A*SKLE-LRPKTS":"{^}#@","A*SKLIUL":"{^}''''","*SKLEIS":"{^ ^}#++","A*SKLIUPT":"{^}----","A*SKLEURPS":"{^}#^^^","A*SKLIULP":"{^}\"\"\"\"","*SKLE-RPKT":"{^ ^}#$","*SKLEIL":"{^ ^}#''","A*SKLEIURPKT*d":"{^}#\u00a3\u00a3\u00a3\u00a3","A*SKLEIRPKT*":"{^}#\u00a5\u00a5","A*SKLEIPT":"{^}#--","*SKL-LPK":"{^ ^}?","*SKLEITS":"{^ ^}#;;","A*SKLE-RPKT":"{^}#$","*SKLE-KS":"{^ ^}#_","A*SKLE-LPT*":"{^}#<","A*SKLEUTS*d":"{^}#:::","*SKLE-LRPK*d":"{^ ^}#\u2122","*SKLE-LR":"{^ ^}#!","A*SKLEIUPT":"{^}#----","A*SKLEIPKTS":"{^}#==","A*SKLE-RKS*d":"{^}#\\}","*SKLEULPT*":"{^ ^}#<<<","*SKLIUPT":"{^ ^}----","A*SKLILPT*d":"{^}\\{\\{","A*SKLIS":"{^}++","*SKLUT":"{^ ^}***","*SKLEIRPKT":"{^ ^}#$$","A*SKLE-L":"{^}#'","A*SKLUK":"{^},,,","A*SKLEUT":"{^}#***","A*SKLIK":"{^},,","*SKLEUT":"{^ ^}#***","*SKLULRPK*d":"{^ ^}\u2122\u2122\u2122","*SKLEULRPKTS":"{^ ^}#@@@","*SKLEILKS":"{^ ^}#&&","*SKL-LRPKTS":"{^ ^}@","A*SKLE-TS*d":"{^}#:","A*SKL-RKS*":"{^}>","A*SKLEIS":"{^}#++","*SKLEIRPKT*d":"{^ ^}#\u00a3\u00a3","A*SKLULS":"{^}%%%","*SKLIUT":"{^ ^}****","A*SKLEIL*d":"{^}#``","A*SKLIULRPKTS":"{^}@@@@","*SKLEIURPS":"{^ ^}#^^^^","*SKLEURKS":"{^ ^}#)))","A*SKLULPT":"{^}(((","*SKLEULPT":"{^ ^}#(((","A*SKLILRPK*d":"{^}\u2122\u2122","*SKLUTS":"{^ ^};;;","*SKLIUTS":"{^ ^};;;;","*SKL-S":"{^ ^}+","A*SKL-L":"{^}'","*SKLEIURPKT*":"{^ ^}#\u00a5\u00a5\u00a5\u00a5","*SKLIRPKT*":"{^ ^}\u00a5\u00a5","*SKLULKS":"{^ ^}&&&","A*SKLUKS":"{^}___","*SKLEURKSd":"{^ ^}#]]]","A*SKLILRPKTS":"{^}@@","*SKLE-LPT*d":"{^ ^}#\\{","A*SKLILRPKd":"{^}\u00a9\u00a9","*SKLULRPKd":"{^ ^}\u00a9\u00a9\u00a9","A*SKLUP":"{^}...","A*SKLILPT":"{^}((","*SKL-RPKT*":"{^ ^}\u00a5","A*SKLE-L*d":"{^}#`","A*SKLIULRPK":"{^}####","*SKL-PK":"{^ ^}|","*SKLE-L*d":"{^ ^}#`","*SKLIUL":"{^ ^}''''","A*SKL-LPT*d":"{^}\\{","*SKL-L":"{^ ^}'","*SKLILRPK":"{^ ^}##","*SKLEILRPKd":"{^ ^}#\u00a9\u00a9","*SKLEUPK":"{^ ^}#|||","*SKLE-LK":"{^ ^}#\\","*SKLEULK":"{^ ^}#\\\\\\","*SKLIUPKTS":"{^ ^}====","A*SKLULKS":"{^}&&&","A*SKL-KS":"{^}_","A*SKLULRPK*":"{^}\u00ae\u00ae\u00ae","*SKLEIURKS*":"{^ ^}#>>>>","A*SKLEIRPKT":"{^}#$$","*SKLEIUPT":"{^ ^}#----","*SKLIP":"{^ ^}..","*SKLEIUPKTS":"{^ ^}#====","*SKLEUP":"{^ ^}#...","*SKLUTS*d":"{^ ^}:::","A*SKL-P":"{^}.","*SKLEILPT*d":"{^ ^}#\\{\\{","A*SKLILKS":"{^}&&","A*SKLEUPKTS":"{^}#===","A*SKLEIURKSd":"{^}#]]]]","*SKLE-LRPKd":"{^ ^}#\u00a9","*SKLEURPKTd":"{^ ^}#\u20ac\u20ac\u20ac","*SKLEULPK":"{^ ^}#???","*SKL-LKS":"{^ ^}&","A*SKLEIULPT*":"{^}#<<<<","A*SKL-TS*d":"{^}:","A*SKLEIRKSd":"{^}#]]","A*SKLE-LKS":"{^}#&","*SKLIPKTS":"{^ ^}==","A*SKL-RKS":"{^})","A*SKLIURPKT":"{^}$$$$","*SKLUL":"{^ ^}'''","*SKLEIUPK":"{^ ^}#||||","A*SKLILRPK*":"{^}\u00ae\u00ae","*SKLEIUKS":"{^ ^}#____","*SKLE-T":"{^ ^}#*","A*SKLE-K":"{^}#,","*SKLEULRPK":"{^ ^}####","A*SKLEULPTd":"{^}#[[[","*SKLIURKSd":"{^ ^}]]]]","A*SKLILRPK":"{^}##","*SKLEIULPT*d":"{^ ^}#\\{\\{\\{\\{","A*SKLIULPKS":"{^}~~~~","*SKLIURPS":"{^ ^}^^^^","*SKLEILP":"{^ ^}#\"\"","A*SKLEIRKS*d":"{^}#\\}\\}","*SKLULPT*d":"{^ ^}\\{\\{\\{","A*SKLE-RPKT*":"{^}#\u00a5","*SKLEILK":"{^ ^}#\\\\","A*SKLEIULK":"{^}#\\\\\\\\","A*SKL-LRPK*d":"{^}\u2122","*SKLEULPTd":"{^ ^}#[[[","A*SKLEIULRPK*":"{^}#\u00ae\u00ae\u00ae\u00ae","A*SKLIURPS":"{^}^^^^","*SKLE-P":"{^ ^}#.","*SKLILPT":"{^ ^}((","*SKLEIULP":"{^ ^}#\"\"\"\"","*SKLEIULPTd":"{^ ^}#[[[[","*SKLEIPT":"{^ ^}#--","A*SKLILK":"{^}\\\\","A*SKLUPT":"{^}---","*SKLE-PT":"{^ ^}#-","A*SKLILPT*":"{^}<<","*SKLEIUP":"{^ ^}#....","*SKLIULPTd":"{^ ^}[[[[","A*SKLEIRKS":"{^}#))","A*SKLEILRPKTS":"{^}#@@","*SKLULRPK*":"{^ ^}\u00ae\u00ae\u00ae","A*SKLE-LPK":"{^}#?","*SKLIPK":"{^ ^}||","A*SKLEIUTS*d":"{^}#::::","A*SKL-RP":"{^}\/","A*SKLIULS":"{^}%%%%","A*SKLEITS*d":"{^}#::","*SKLIRKSd":"{^ ^}]]","*SKLIULKS":"{^ ^}&&&&","*SKLURPKT*d":"{^ ^}\u00a3\u00a3\u00a3","*SKLEULKS":"{^ ^}#&&&","A*SKLEIL":"{^}#''","*SKLUKS":"{^ ^}___","*SKLE-LKS":"{^ ^}#&","A*SKLEIURPKTd":"{^}#\u20ac\u20ac\u20ac\u20ac","*SKLEURPKT*d":"{^ ^}#\u00a3\u00a3\u00a3","A*SKLEURKS*":"{^}#>>>","*SKLUS":"{^ ^}+++","*SKLIUKS":"{^ ^}____","A*SKLEIULKS":"{^}#&&&&","A*SKLURKSd":"{^}]]]","A*SKLEIULRPKTS":"{^}#@@@@","A*SKLEIPK":"{^}#||","*SKLEURKS*":"{^ ^}#>>>","A*SKLEIT":"{^}#**","*SKLE-K":"{^ ^}#,","*SKLEIRKS*":"{^ ^}#>>","*SKLEIUL*d":"{^ ^}#````","*SKLIULR":"{^ ^}!!!!","*SKLILPT*d":"{^ ^}\\{\\{","*SKLIULS":"{^ ^}%%%%","*SKLEULS":"{^ ^}#%%%","A*SKLIULPTd":"{^}[[[[","*SKLEIP":"{^ ^}#..","*SKL-LRPK*":"{^ ^}\u00ae","*SKLILRPKd":"{^ ^}\u00a9\u00a9","*SKLE-LPK":"{^ ^}#?","*SKLEIULRPKd":"{^ ^}#\u00a9\u00a9\u00a9\u00a9","*SKLE-LPT*":"{^ ^}#<","*SKLEILPT":"{^ ^}#((","A*SKL-LS":"{^}%","*SKLIULRPK":"{^ ^}####","*SKLEILRPK":"{^ ^}###","A*SKLIULRPKd":"{^}\u00a9\u00a9\u00a9\u00a9","*SKLEIURPKT*d":"{^ ^}#\u00a3\u00a3\u00a3\u00a3","*SKLILPKS":"{^ ^}~~","A*SKLIUPKTS":"{^}====","A*SKLEIULRPKd":"{^}#\u00a9\u00a9\u00a9\u00a9","A*SKLEILP":"{^}#\"\"","A*SKLIRKS*":"{^}>>","A*SKLIURPKT*d":"{^}\u00a3\u00a3\u00a3\u00a3","*SKLIUL*d":"{^ ^}````","A*SKLEULPT*":"{^}#<<<","*SKLIRPKT*d":"{^ ^}\u00a3\u00a3","*SKLIUK":"{^ ^},,,,","*SKLEULRPK*d":"{^ ^}#\u2122\u2122\u2122","A*SKLEILRPK*":"{^}#\u00ae\u00ae","A*SKLULRPKTS":"{^}@@@","A*SKLEIRPKTd":"{^}#\u20ac\u20ac","*SKLURKS":"{^ ^})))","*SKLEILPTd":"{^ ^}#[[","A*SKLE-LR":"{^}#!","A*SKLEUTS":"{^}#;;;","A*SKL-TS":"{^};","*SKLEIURKSd":"{^ ^}#]]]]","A*SKL-RPS":"{^}^","A*SKLE-LRPK*d":"{^}#\u2122","A*SKLEIKS":"{^}#__","A*SKLEULRPKTS":"{^}#@@@","*SKLURKSd":"{^ ^}]]]","*SKLILKS":"{^ ^}&&","A*SKLULRPKd":"{^}\u00a9\u00a9\u00a9","A*SKLIULK":"{^}\\\\\\\\","*SKLEILRPK*":"{^ ^}#\u00ae\u00ae","*SKLEURPKT*":"{^ ^}#\u00a5\u00a5\u00a5","*SKLIPT":"{^ ^}--","A*SKLUT":"{^}***","A*SKLEIURP":"{^}#\/\/\/\/","*SKLIK":"{^ ^},,","A*SKLE-PK":"{^}#|","*SKLE-TS":"{^ ^}#;","*SKL-L*d":"{^ ^}`","A*SKLEIULRPK":"{^}#####","*SKLEUL":"{^ ^}#'''","A*SKLEILK":"{^}#\\\\","*SKL-LRPK*d":"{^ ^}\u2122","A*SKLIURKS*":"{^}>>>>","A*SKLEUK":"{^}#,,,","*SKL-P":"{^ ^}.","*SKLE-LRPK*":"{^ ^}#\u00ae","*SKLEUPT":"{^ ^}#---","*SKLEIULPT":"{^ ^}#((((","A*SKLIL":"{^}''","A*SKLEULRPKd":"{^}#\u00a9\u00a9\u00a9","A*SKLIUKS":"{^}____","*SKLEURP":"{^ ^}#\/\/\/","*SKL-RKSd":"{^ ^}]","A*SKLIRKSd":"{^}]]","A*SKL-LRPKd":"{^}\u00a9","A*SKLE-S":"{^}#+"}