{"*TPL-PS*":"{^ ^}92","+*TPLYILRPKTS*d":"{^}$550","*TPLYIULRPKT":"{^ ^}$57000","+*TPLYLd":"{^}$79","+*TPLYULR":"{^}$400","*TPLYULPS":"{^ ^}$8100","*TPLYIPS*":"{^ ^}$920","+*TPLYLRS":"{^}$41","*TPL-ILPTS*d":"{^ ^}850","*TPLYIPKd":"{^ ^}$690","*TPL-RKTS*":"{^ ^}20","*TPL-I*":"{^ ^}30","*TPL-IKT":"{^ ^}370","*TPLYIPKTS*d":"{^ ^}$650","*TPLYPK*d":"{^ ^}$66","*TPL-IUP*":"{^ ^}93000","+*TPLYIPS":"{^}$910","*TPLYRK*":"{^ ^}$23","+*TPL-IPK*":"{^}630","+*TPLYPTS*d":"{^}$95","+*TPL-R*":"{^}13","*TPLYK":"{^ ^}$3","+*TPLYLS*":"{^}$72","*TPL-IPK*d":"{^ ^}660","*TPLYIURKTS*":"{^ ^}$20000","*TPLYIP*d":"{^ ^}$960","+*TPLYRT":"{^}$17","+*TPL-KTS":"{^}34","+*TPLYIURKTd":"{^}$28000","*TPLYIPS":"{^ ^}$910","*TPL-IUKT":"{^ ^}37000","*TPLYIRK*":"{^ ^}$230","+*TPL-IULTS":"{^}74000","+*TPLYLRK":"{^}$0","*TPL-URTd":"{^ ^}1800","+*TPLYULP*d":"{^}$8600","*TPLYIRTS":"{^ ^}$140","+*TPL-IUR*":"{^}13000","*TPL-URT":"{^ ^}1700","*TPLYILPS":"{^ ^}$810","*TPL-ILRKTS":"{^ ^}040","+*TPLYULd":"{^}$7900","+*TPLYIUPS*":"{^}$92000","+*TPL-LR*":"{^}43","*TPL-IUTS":"{^ ^}4000","*TPL-UK*":"{^ ^}3300","+*TPL-UP":"{^}900","*TPLYIUPK*d":"{^ ^}$66000","*TPL-S*":"{^ ^}2","+*TPL-ILRPKTS*d":"{^}550","*TPLYITS":"{^ ^}$40","*TPLYUP":"{^ ^}$900","*TPL-IURTS":"{^ ^}14000","*TPLYIRTS*":"{^ ^}$100","*TPL-IRK":"{^ ^}20","*TPLYULTS*d":"{^ ^}$7500","+*TPL-IURKTS*d":"{^}25000","*TPL-IUTS*":"{^ ^}0000","+*TPLYILPS*":"{^}$820","*TPL-IU*":"{^ ^}3000","+*TPL-RKTd":"{^}28","*TPL-I*d":"{^ ^}60","*TPL-LRd":"{^ ^}49","*TPLYIURKTS*d":"{^ ^}$25000","+*TPLYIUPT":"{^}$97000","+*TPLYIULPS":"{^}$81000","+*TPLYIULRd":"{^}$49000","+*TPLYULR*d":"{^}$4600","*TPLYIURTS*":"{^ ^}$10000","+*TPL-IUS*":"{^}2000","*TPLYRTS*":"{^ ^}$10","*TPL-IULRKTS*d":"{^ ^}05000","*TPLYIPT":"{^ ^}$970","+*TPLYIPKTS*":"{^}$600","*TPLYILRPKTd":"{^ ^}$580","*TPL-IUP":"{^ ^}9000","*TPLYK*d":"{^ ^}$36","*TPLYIRKd":"{^ ^}$290","*TPL-IURTS*":"{^ ^}10000","*TPLYUPK*":"{^ ^}$6300","*TPL-UT":"{^ ^}700","*TPLYIULTS*":"{^ ^}$70000","*TPL-ULRK*d":"{^ ^}0600","+*TPL-LRT":"{^}47","*TPLYILPTd":"{^ ^}$880","+*TPLYIULRKd":"{^}$09000","+*TPLYP*d":"{^}$96","*TPL-IRK*d":"{^ ^}260","*TPL-UTS*d":"{^ ^}500","*TPL-ULR":"{^ ^}400","*TPLYLRPKS*":"{^ ^}$52","*TPL-LRTS*":"{^ ^}40","*TPL-IURKS*":"{^ ^}22000","+*TPL-L*d":"{^}76","+*TPLYIULT":"{^}$77000","+*TPL-PTS":"{^}94","+*TPL-ULP*":"{^}8300","*TPLYULRKTS*d":"{^ ^}$0500","*TPLYLS*":"{^ ^}$72","+*TPL-IUPK":"{^}6000","*TPLYLRTS*d":"{^ ^}$45","+*TPLYULRPKd":"{^}$5900","+*TPL-IRTS":"{^}140","+*TPL-IPTd":"{^}980","*TPL-ULRKT":"{^ ^}0700","*TPLYIULRK":"{^ ^}$0000","+*TPL-IULRPKTS":"{^}54000","*TPL-RKTS":"{^ ^}24","*TPLYIULRPKTS":"{^ ^}$54000","+*TPLYIPKTd":"{^}$680","+*TPL-*":"{^}3","+*TPLYULRTd":"{^}$4800","+*TPL-IR*d":"{^}160","*TPL-UPKTS*d":"{^ ^}6500","+*TPL-UPK*d":"{^}6600","+*TPL-UKTS":"{^}3400","*TPLYRK*d":"{^ ^}$26","*TPL-IUTd":"{^ ^}8000","*TPLYIUL*":"{^ ^}$73000","+*TPL-IURKTd":"{^}28000","*TPLYRKTS":"{^ ^}$24","*TPLYULPTS*":"{^ ^}$8000","*TPL-ILPTS*":"{^ ^}800","+*TPLYURKTd":"{^}$2800","*TPLYILPTS*":"{^ ^}$800","*TPL-PKd":"{^ ^}69","*TPL-IRTS":"{^ ^}140","*TPLYU":"{^ ^}$00","+*TPL-IUPKS":"{^}61000","+*TPLYILRKTS*d":"{^}$050","+*TPLYUKTS*d":"{^}$3500","+*TPLYK":"{^}$3","+*TPL-ULRKS*":"{^}0200","*TPL-LRK":"{^ ^}0","*TPLYTS":"{^ ^}$4","+*TPLYIUK*":"{^}$33000","*TPLYIP*":"{^ ^}$930","*TPLYLRPKT":"{^ ^}$57","+*TPL-IULRS":"{^}41000","*TPLYS":"{^ ^}$1","*TPL-IURS":"{^ ^}11000","+*TPLYIRTS*d":"{^}$150","*TPLYILPTS":"{^ ^}$840","+*TPLYIULRT":"{^}$47000","+*TPLYKS*":"{^}$32","+*TPLYUR*d":"{^}$1600","*TPL-IURTS*d":"{^ ^}15000","*TPL-ILPd":"{^ ^}890","+*TPL-IULRKS":"{^}01000","+*TPLYIULRTd":"{^}$48000","*TPLYULRPKTS":"{^ ^}$5400","*TPLYRTd":"{^ ^}$18","*TPLYULPTS*d":"{^ ^}$8500","+*TPLYRS":"{^}$11","+*TPLYU":"{^}$00","+*TPL-IUPK*d":"{^}66000","+*TPLYLRPKTS*":"{^}$50","*TPL-IKTS*":"{^ ^}300","+*TPLYIKTS*d":"{^}$350","*TPLYILRT":"{^ ^}$470","*TPLYUPKTS*":"{^ ^}$6000","+*TPL-IPTS*":"{^}900","*TPLYIULRTS*d":"{^ ^}$45000","*TPL-LRPK":"{^ ^}5","+*TPLYULRS":"{^}$4100","+*TPL-LPd":"{^}89","+*TPL-IRTS*d":"{^}150","+*TPLYULRT":"{^}$4700","+*TPL-IKS*":"{^}320","*TPL-U*":"{^ ^}300","+*TPLYK*d":"{^}$36","+*TPLYIKT":"{^}$370","+*TPL-ILRPKTd":"{^}580","*TPLYIRKS":"{^ ^}$210","+*TPLYI*d":"{^}$60","+*TPL-LPS":"{^}81","*TPL-ILS":"{^ ^}710","+*TPL-LR":"{^}4","*TPLYIU*":"{^ ^}$3000","+*TPLYIPKd":"{^}$690","*TPL-IUPK":"{^ ^}6000","*TPL-LRTS":"{^ ^}44","+*TPL-UPd":"{^}9900","*TPL-TS*d":"{^ ^}5","*TPL-LR*":"{^ ^}43","+*TPLYURKS*":"{^}$2200","*TPLYIRKT":"{^ ^}$270","*TPLYIULRKS":"{^ ^}$01000","*TPL-ILRPK":"{^ ^}50","*TPL-ILR":"{^ ^}40","*TPL-LRPKS":"{^ ^}51","+*TPL-KTS*":"{^}30","+*TPLYIPT":"{^}$970","+*TPLYULRK*":"{^}$0300","*TPL-IUPKT":"{^ ^}67000","+*TPL-ILRd":"{^}490","+*TPLYLR*d":"{^}$46","*TPL-ULR*d":"{^ ^}4600","+*TPLYIURKTS*d":"{^}$25000","+*TPLYIL":"{^}$70","+*TPLYUS*":"{^}$200","+*TPL-IRd":"{^}190","*TPLYLRTS*":"{^ ^}$40","*TPLYIPTS*d":"{^ ^}$950","*TPL-L*d":"{^ ^}76","+*TPL-KT":"{^}37","*TPL-RTd":"{^ ^}18","*TPLYLRPKTS*":"{^ ^}$50","*TPLYIUS":"{^ ^}$1000","+*TPL-IRKS":"{^}210","*TPL-LT":"{^ ^}77","*TPLYUR":"{^ ^}$100","+*TPLYRKT":"{^}$27","*TPL-IUPKTS":"{^ ^}64000","+*TPL-IPKS":"{^}610","*TPLYLRPKTd":"{^ ^}$58","+*TPL-IURT":"{^}17000","+*TPL-UPK":"{^}600","+*TPL-IULRK*d":"{^}06000","*TPLYRKTS*d":"{^ ^}$25","*TPL-ILRK":"{^ ^}00","*TPLYLRS*":"{^ ^}$42","+*TPL-IRTd":"{^}180","+*TPLYIURK*":"{^}$23000","*TPLYIURKTd":"{^ ^}$28000","*TPL-URTS*":"{^ ^}1000","*TPLYIPK*":"{^ ^}$630","*TPLYILP*":"{^ ^}$830","*TPLYURKT":"{^ ^}$2700","*TPL-IUPTS*":"{^ ^}90000","+*TPL-LRPKS*":"{^}52","*TPL-ULRPKTS*":"{^ ^}5000","+*TPL-IUPKTS*d":"{^}65000","*TPL-ULTS":"{^ ^}7400","+*TPL-IULR*":"{^}43000","*TPL-PKTS":"{^ ^}64","+*TPLYIULRS":"{^}$41000","+*TPLYIUPKS":"{^}$61000","+*TPL-Td":"{^}8","+*TPL-IULRPKS*":"{^}52000","*TPLYIUTS":"{^ ^}$4000","*TPL-IULRTS*d":"{^ ^}45000","*TPL-UP*d":"{^ ^}9600","+*TPLYILPT":"{^}$870","*TPLYILTS*":"{^ ^}$700","*TPL-R":"{^ ^}1","+*TPL-LS":"{^}71","+*TPL-IRKT":"{^}270","+*TPLYLRPKTS":"{^}$54","*TPLYIUP*":"{^ ^}$93000","*TPL-IULRK*d":"{^ ^}06000","+*TPLYPK*":"{^}$63","*TPL-IRS":"{^ ^}110","+*TPL-ILPTS*":"{^}800","*TPLYULRS":"{^ ^}$4100","*TPLYRKS*":"{^ ^}$22","+*TPL-ULRKS":"{^}0100","+*TPL-URKT":"{^}2700","*TPL-Td":"{^ ^}8","*TPLYI*d":"{^ ^}$60","+*TPL-ULRTd":"{^}4800","+*TPL-RKS*":"{^}22","+*TPL-LPTS*":"{^}80","*TPL-URTS*d":"{^ ^}1500","+*TPL-IULRK*":"{^}03000","+*TPL-ILRKTd":"{^}080","*TPL-ILRS":"{^ ^}410","*TPLYULPd":"{^ ^}$8900","*TPLYUPS*":"{^ ^}$9200","*TPL-ILPTd":"{^ ^}880","*TPL-ULPTS*d":"{^ ^}8500","+*TPL-ILR":"{^}40","*TPLYILRS":"{^ ^}$410","*TPL-IUKS*":"{^ ^}32000","+*TPL-IK*d":"{^}360","+*TPL-IULRKd":"{^}09000","*TPLYILR":"{^ ^}$40","*TPL-d":"{^ ^}9","+*TPL-IKTS":"{^}340","+*TPL-ULRKd":"{^}0900","+*TPLYIRKTS*":"{^}$200","*TPLYURTd":"{^ ^}$1800","*TPL-IPKTS*":"{^ ^}600","*TPLYTS*":"{^ ^}$0","+*TPL-IS*":"{^}20","*TPLYLRKTS*":"{^ ^}$00","*TPL-IP*d":"{^ ^}960","+*TPL-IULRPKTS*d":"{^}55000","+*TPLYUP*":"{^}$9300","+*TPL-ILRKd":"{^}090","+*TPLYPKS":"{^}$61","*TPLYIPTd":"{^ ^}$980","+*TPL-LPTS":"{^}84","*TPLYIUKd":"{^ ^}$39000","+*TPL-IURKS":"{^}21000","*TPLYIUK*d":"{^ ^}$36000","*TPL-IUKd":"{^ ^}39000","+*TPLYILd":"{^}$790","*TPLYUTd":"{^ ^}$800","+*TPL-RKT":"{^}27","*TPL-ULPS*":"{^ ^}8200","*TPLYIUTS*d":"{^ ^}$5000","+*TPLYUKTS*":"{^}$3000","*TPLYUTS":"{^ ^}$400","*TPL-IRTd":"{^ ^}180","*TPL-ILTS*d":"{^ ^}750","+*TPL-LRTS*":"{^}40","+*TPLYILRS*":"{^}$420","+*TPLYRd":"{^}$19","+*TPL-ILRPKTS":"{^}540","+*TPLYIULP*d":"{^}$86000","+*TPLYURK*":"{^}$2300","+*TPL-IULRTS":"{^}44000","*TPLYUP*d":"{^ ^}$9600","+*TPL-*d":"{^}6","+*TPLYUPK*d":"{^}$6600","*TPLYULTS*":"{^ ^}$7000","*TPLYILS*":"{^ ^}$720","+*TPL-IUK*":"{^}33000","+*TPLYIULRK*":"{^}$03000","*TPL-IULRKTS":"{^ ^}04000","+*TPLYIURTS":"{^}$14000","*TPLYILRKTd":"{^ ^}$080","*TPLYLPTS*":"{^ ^}$80","*TPL-IULRTS":"{^ ^}44000","+*TPL-ILTS*d":"{^}750","*TPLYULRKT":"{^ ^}$0700","*TPLYP":"{^ ^}$9","+*TPL-LRKd":"{^}09","*TPLYPKS":"{^ ^}$61","*TPLYILRK":"{^ ^}$00","*TPL-IULRTS*":"{^ ^}40000","*TPLYIURS":"{^ ^}$11000","+*TPLYIR*":"{^}$130","+*TPLYIULRKTd":"{^}$08000","*TPLYIPTS":"{^ ^}$940","+*TPL-ILRKT":"{^}070","*TPLYULTS":"{^ ^}$7400","*TPL-LP":"{^ ^}8","*TPL-RTS":"{^ ^}14","+*TPLYULRKS*":"{^}$0200","+*TPLYULRS*":"{^}$4200","+*TPL-ULRK*":"{^}0300","*TPLYILd":"{^ ^}$790","+*TPLYIULRKS":"{^}$01000","*TPL-IL*":"{^ ^}730","+*TPLYIPKTS":"{^}$640","+*TPL-IUK":"{^}3000","*TPL-IRKTS*":"{^ ^}200","+*TPLYULR*":"{^}$4300","*TPL-RT":"{^ ^}17","*TPLYUPTS*d":"{^ ^}$9500","+*TPLYLRPKS":"{^}$51","*TPLYLP*":"{^ ^}$83","*TPL-ULPTS*":"{^ ^}8000","*TPL-IPK*":"{^ ^}630","*TPLYILTS":"{^ ^}$740","*TPL-ULP*d":"{^ ^}8600","*TPL-LR":"{^ ^}4","*TPLYURS*":"{^ ^}$1200","+*TPLYLTd":"{^}$78","+*TPL-ILRTS":"{^}440","*TPLYIULRTS":"{^ ^}$44000","+*TPL-ILRPKS*":"{^}520","*TPL-IRTS*d":"{^ ^}150","*TPL-ILP":"{^ ^}80","*TPL-IULRKS*":"{^ ^}02000","+*TPLYIUKS*":"{^}$32000","*TPL-IPKTd":"{^ ^}680","+*TPLYIURKT":"{^}$27000","+*TPL-IUKd":"{^}39000","*TPLYUPKT":"{^ ^}$6700","*TPLYIPKS*":"{^ ^}$620","+*TPLYLRT":"{^}$47","*TPL-IUR*d":"{^ ^}16000","+*TPL-UR*d":"{^}1600","+*TPLYKd":"{^}$39","+*TPLYURTS*":"{^}$1000","+*TPL-URTd":"{^}1800","*TPL-ULPd":"{^ ^}8900","*TPL-ILRS*":"{^ ^}420","+*TPLYIULTS*d":"{^}$75000","+*TPLYU*":"{^}$300","+*TPLYIPTS":"{^}$940","+*TPL-UKT":"{^}3700","*TPL-IURT":"{^ ^}17000","+*TPL-PKTS*d":"{^}65","*TPL-ULRKS":"{^ ^}0100","+*TPL-IU*":"{^}3000","+*TPL-RK*":"{^}23","+*TPLYILTS*":"{^}$700","+*TPL-PKd":"{^}69","*TPL-IULd":"{^ ^}79000","+*TPL-ILRK*d":"{^}060","*TPL-IUKS":"{^ ^}31000","*TPLYILRPKTS*d":"{^ ^}$550","*TPLYLTS*d":"{^ ^}$75","+*TPLYI":"{^}$0","*TPLYUKS*":"{^ ^}$3200","+*TPL-PKS*":"{^}62","*TPLYILPTS*d":"{^ ^}$850","+*TPL-IUTS*d":"{^}5000","+*TPL-ITS*":"{^}00","*TPLYIULRPKS*":"{^ ^}$52000","+*TPL-LPTS*d":"{^}85","*TPL-IULS*":"{^ ^}72000","+*TPL-IP*d":"{^}960","*TPLYUPKS*":"{^ ^}$6200","*TPLYIUPTS":"{^ ^}$94000","+*TPL-IK":"{^}30","+*TPLYITS*d":"{^}$50","+*TPLYRKS*":"{^}$22","+*TPLYILRd":"{^}$490","*TPLYLRT":"{^ ^}$47","+*TPL-ULR*":"{^}4300","*TPLYIUP*d":"{^ ^}$96000","+*TPLYUR":"{^}$100","*TPLYIULT":"{^ ^}$77000","*TPL-IUK*":"{^ ^}33000","+*TPLYIULRKTS*d":"{^}$05000","*TPL-ULRS*":"{^ ^}4200","+*TPL-IULRKTd":"{^}08000","*TPLYULRK*d":"{^ ^}$0600","*TPL-UPKTS*":"{^ ^}6000","*TPL-ITS*":"{^ ^}00","+*TPLYIULTS":"{^}$74000","+*TPL-ULRT":"{^}4700","+*TPLYILP*":"{^}$830","*TPL-UP*":"{^ ^}9300","+*TPLYILRT":"{^}$470","+*TPLYLR*":"{^}$43","+*TPLYURKT":"{^}$2700","+*TPLYIULRPKTS*":"{^}$50000","*TPL-ILTd":"{^ ^}780","+*TPL-IURKd":"{^}29000","*TPL-IULPTd":"{^ ^}88000","+*TPLYULPS*":"{^}$8200","*TPLYL*d":"{^ ^}$76","+*TPL-RK":"{^}2","*TPLYIULRT":"{^ ^}$47000","+*TPL-URKTd":"{^}2800","+*TPL-ULd":"{^}7900","*TPLYULRTS":"{^ ^}$4400","+*TPLYITd":"{^}$80","+*TPLYURd":"{^}$1900","*TPL-UPTS*d":"{^ ^}9500","+*TPL-LRKS*":"{^}02","*TPLYLR":"{^ ^}$4","+*TPL-URKTS*d":"{^}2500","+*TPLYPKTS*d":"{^}$65","*TPL-K*d":"{^ ^}36","*TPLYULRK*":"{^ ^}$0300","*TPL-IULPTS":"{^ ^}84000","+*TPL-IKS":"{^}310","*TPLYUS":"{^ ^}$100","+*TPLYUPK*":"{^}$6300","+*TPL-IURS":"{^}11000","*TPLYULS":"{^ ^}$7100","+*TPL-ULPS":"{^}8100","*TPL-RTS*":"{^ ^}10","*TPL-PT":"{^ ^}97","+*TPL-ULRPK*":"{^}5300","+*TPL-ULRKT":"{^}0700","+*TPLYULRPKS":"{^}$5100","+*TPLYU*d":"{^}$600","*TPLYK*":"{^ ^}$33","+*TPLYIUPTS":"{^}$94000","+*TPLYIKS*":"{^}$320","+*TPLYIRKTd":"{^}$280","*TPL-IULPTS*d":"{^ ^}85000","*TPL-IULRPKd":"{^ ^}59000","+*TPL-IULTd":"{^}78000","*TPL-LRS*":"{^ ^}42","+*TPL-LRPKS":"{^}51","+*TPL-LRKTS*":"{^}00","*TPL-UKT":"{^ ^}3700","*TPL-URKTS*":"{^ ^}2000","+*TPLYURTS*d":"{^}$1500","+*TPL-ULP*d":"{^}8600","*TPLYIUKTS*d":"{^ ^}$35000","+*TPLYIULRPKS":"{^}$51000","+*TPL-IULPTS*d":"{^}85000","+*TPL-UKTS*":"{^}3000","+*TPLYLPT":"{^}$87","*TPLYUPS":"{^ ^}$9100","*TPLYIULRKT":"{^ ^}$07000","+*TPL-ULRPKTS":"{^}5400","*TPLYIRKTS*d":"{^ ^}$250","*TPL-UKd":"{^ ^}3900","+*TPL-LP*":"{^}83","*TPL-IULRPKTS*d":"{^ ^}55000","*TPLYLPTd":"{^ ^}$88","+*TPL-LTd":"{^}78","*TPL-IUT":"{^ ^}7000","*TPL-LRK*d":"{^ ^}06","*TPLYIPKTS":"{^ ^}$640","+*TPLYRKTS*d":"{^}$25","+*TPL-IS":"{^}10","*TPL-ILRKTS*":"{^ ^}000","+*TPL-IULRS*":"{^}42000","*TPLYPKd":"{^ ^}$69","*TPL-LRKTS*d":"{^ ^}05","+*TPLYILRKS*":"{^}$020","+*TPLYRK*d":"{^}$26","+*TPL-d":"{^}9","+*TPLYILRKTS":"{^}$040","*TPL-LRTd":"{^ ^}48","+*TPL-IPK":"{^}60","+*TPLYULTd":"{^}$7800","+*TPLYILS":"{^}$710","*TPL-ILPS":"{^ ^}810","+*TPL-IUTS*":"{^}0000","*TPL-UPK":"{^ ^}600","+*TPL-LRS":"{^}41","+*TPLYILRTd":"{^}$480","*TPL-IURK*":"{^ ^}23000","*TPLYPTd":"{^ ^}$98","+*TPL-ULPT":"{^}8700","+*TPL-LT":"{^}77","+*TPLYIU*":"{^}$3000","+*TPLYIUPK*":"{^}$63000","*TPL-IUPTd":"{^ ^}98000","+*TPL-UL*d":"{^}7600","+*TPLYLPTS":"{^}$84","*TPLYIKS*":"{^ ^}$320","*TPL-ITS*d":"{^ ^}50","+*TPL-URS*":"{^}1200","*TPLYIP":"{^ ^}$90","*TPLYIKTS*":"{^ ^}$300","+*TPL-PS":"{^}91","+*TPLYIRKS":"{^}$210","+*TPL-ILRTd":"{^}480","+*TPL-RTS*d":"{^}15","*TPLYUTS*":"{^ ^}$000","*TPL-IULRPK*d":"{^ ^}56000","+*TPL-LRS*":"{^}42","*TPLYILRK*":"{^ ^}$030","*TPLYULRPKS":"{^ ^}$5100","+*TPL-ULRPKS*":"{^}5200","+*TPLYILPTS":"{^}$840","+*TPLYIUPKTS":"{^}$64000","*TPL-UL*d":"{^ ^}7600","*TPL-ILRPKS":"{^ ^}510","+*TPLYLRPK*":"{^}$53","+*TPL-URd":"{^}1900","+*TPL-ULRKTd":"{^}0800","*TPL-ULRPKT":"{^ ^}5700","+*TPL-TS":"{^}4","+*TPL-KTd":"{^}38","*TPLYUPKS":"{^ ^}$6100","*TPL-K*":"{^ ^}33","+*TPLYILRPKd":"{^}$590","+*TPL-PKTS*":"{^}60","+*TPLYLRTS*":"{^}$40","*TPL-LPT":"{^ ^}87","*TPLYIT":"{^ ^}$70","+*TPLYLRPK*d":"{^}$56","+*TPLYIUKTd":"{^}$38000","*TPLYULRPKd":"{^ ^}$5900","*TPLYPTS*d":"{^ ^}$95","+*TPLYR*d":"{^}$16","*TPL-TS":"{^ ^}4","*TPLYIRK*d":"{^ ^}$260","+*TPLYULPTS*d":"{^}$8500","*TPLYULRKTS*":"{^ ^}$0000","+*TPLYUTS*":"{^}$000","*TPL-IRKTS*d":"{^ ^}250","+*TPL-IPKTS":"{^}640","*TPL-IPTS*":"{^ ^}900","*TPLYIUR*d":"{^ ^}$16000","*TPL-ILTS":"{^ ^}740","+*TPL-UL*":"{^}7300","*TPL-LRKS":"{^ ^}01","+*TPL-IURKT":"{^}27000","*TPL-IPTS":"{^ ^}940","+*TPL-U":"{^}00","+*TPLYILRTS*d":"{^}$450","*TPLYIUKTS*":"{^ ^}$30000","+*TPLYIUTS*d":"{^}$5000","*TPLYILTd":"{^ ^}$780","+*TPLYILRTS":"{^}$440","+*TPLYILTS":"{^}$740","*TPL-PKS*":"{^ ^}62","+*TPLYIURKS":"{^}$21000","+*TPL-IUPKd":"{^}69000","*TPL-LRS":"{^ ^}41","+*TPLYPKTS":"{^}$64","*TPLYILRPK":"{^ ^}$50","+*TPLYIKS":"{^}$310","+*TPLYPT":"{^}$97","*TPL-LRPK*":"{^ ^}53","*TPL-ITd":"{^ ^}80","*TPL-ILRPK*d":"{^ ^}560","*TPL-U*d":"{^ ^}600","+*TPL-ITS":"{^}40","+*TPLYPS*":"{^}$92","+*TPLYUPKd":"{^}$6900","+*TPLYIULPTS":"{^}$84000","+*TPLYIULRPK":"{^}$5000","*TPL-IUK":"{^ ^}3000","+*TPL-IPKTS*d":"{^}650","+*TPL-ULRKTS*d":"{^}0500","*TPLYIUPKTS*d":"{^ ^}$65000","*TPLYIULRPK*":"{^ ^}$53000","*TPL-URKTS":"{^ ^}2400","*TPLYIKTd":"{^ ^}$380","*TPLYIUPS":"{^ ^}$91000","*TPL-Ud":"{^ ^}900","*TPL-UKTd":"{^ ^}3800","+*TPLYIT":"{^}$70","*TPL-IUd":"{^ ^}9000","*TPL-RK*d":"{^ ^}26","*TPL-ULRKTS*d":"{^ ^}0500","+*TPL-IULS*":"{^}72000","+*TPL-IK*":"{^}330","*TPLYUPKTS*d":"{^ ^}$6500","*TPL-LRPKTS*d":"{^ ^}55","+*TPLYLRPKTS*d":"{^}$55","+*TPLYIULRK*d":"{^}$06000","+*TPLYPKTS*":"{^}$60","+*TPLYUP*d":"{^}$9600","*TPLYUPTS*":"{^ ^}$9000","+*TPLYPK*d":"{^}$66","+*TPL-UKd":"{^}3900","*TPL-ILRPK*":"{^ ^}530","+*TPL-IULP*d":"{^}86000","*TPL-ULRPKTS*d":"{^ ^}5500","+*TPLYPS":"{^}$91","*TPL-IUP*d":"{^ ^}96000","+*TPLYIUK":"{^}$3000","*TPL-ULTS*":"{^ ^}7000","+*TPLYIKTS*":"{^}$300","+*TPL-IURTS*":"{^}10000","+*TPLYIRKT":"{^}$270","+*TPL-IURK*d":"{^}26000","+*TPLYUPKT":"{^}$6700","+*TPLYILPS":"{^}$810","+*TPLYLRKTS*d":"{^}$05","*TPLYIURTS*d":"{^ ^}$15000","+*TPLYIUKS":"{^}$31000","*TPLYILRS*":"{^ ^}$420","+*TPLYUPKTS*d":"{^}$6500","+*TPLYIULRKTS*":"{^}$00000","*TPL-RKT":"{^ ^}27","+*TPL-PKS":"{^}61","*TPLYUK*d":"{^ ^}$3600","*TPLYIUKS*":"{^ ^}$32000","*TPLYILP":"{^ ^}$80","+*TPLYILRPK":"{^}$50","*TPL-IULRPK":"{^ ^}5000","+*TPLYIPKTS*d":"{^}$650","*TPLYIUPS*":"{^ ^}$92000","*TPLYIUPTS*d":"{^ ^}$95000","*TPLYLRPKd":"{^ ^}$59","+*TPL-IULRT":"{^}47000","+*TPL-UTS":"{^}400","+*TPLYPd":"{^}$99","*TPLYIPd":"{^ ^}$990","*TPL-ILRK*":"{^ ^}030","+*TPL-ILRTS*":"{^}400","*TPLYIKT":"{^ ^}$370","+*TPL-ILPTd":"{^}880","+*TPL-IUPTS":"{^}94000","*TPL-IUTS*d":"{^ ^}5000","*TPLYPT":"{^ ^}$97","+*TPL-ILPTS*d":"{^}850","*TPLYIULRPKTS*":"{^ ^}$50000","+*TPL-K*d":"{^}36","+*TPL-P*d":"{^}96","*TPLYUKTd":"{^ ^}$3800","*TPL-IPKTS":"{^ ^}640","+*TPLYLRPKTd":"{^}$58","*TPL-ULP":"{^ ^}800","*TPL-IUKTd":"{^ ^}38000","*TPLYILRPKS*":"{^ ^}$520","*TPLYIURKd":"{^ ^}$29000","+*TPLYULP*":"{^}$8300","+*TPL-ILPT":"{^}870","+*TPLYIUPKT":"{^}$67000","+*TPLYULS*":"{^}$7200","+*TPL-IUTS":"{^}4000","+*TPLYUS":"{^}$100","+*TPL-LPTd":"{^}88","*TPL-LS":"{^ ^}71","*TPLYUPTd":"{^ ^}$9800","*TPL-UR*d":"{^ ^}1600","*TPLYILRKT":"{^ ^}$070","*TPLYILPS*":"{^ ^}$820","*TPLYLPS":"{^ ^}$81","+*TPLYIRTd":"{^}$180","+*TPL-IULRPKTS*":"{^}50000","*TPL-IULRK*":"{^ ^}03000","*TPL-UL":"{^ ^}700","*TPL-PK*":"{^ ^}63","+*TPL-IKTS*d":"{^}350","*TPLYLRPK*":"{^ ^}$53","*TPLYIULPT":"{^ ^}$87000","+*TPLYIUK*d":"{^}$36000","*TPL-IL":"{^ ^}70","*TPL-IULPT":"{^ ^}87000","+*TPLYIURd":"{^}$19000","+*TPLYIU*d":"{^}$6000","*TPL-IULRKTd":"{^ ^}08000","*TPL-LRKS*":"{^ ^}02","+*TPLYd":"{^}$9","*TPL-IUKTS*d":"{^ ^}35000","+*TPL-LRPKT":"{^}57","+*TPLYUPT":"{^}$9700","*TPLYIUPKS*":"{^ ^}$62000","+*TPL-IURK*":"{^}23000","*TPL-IULRS*":"{^ ^}42000","*TPLYULRPKTS*":"{^ ^}$5000","*TPLYIKS":"{^ ^}$310","+*TPLYIRKTS":"{^}$240","+*TPLYPTd":"{^}$98","*TPL-PKTS*":"{^ ^}60","*TPLYS*":"{^ ^}$2","*TPLYUPKd":"{^ ^}$6900","*TPL-LPTS*":"{^ ^}80","*TPL-ULRPKS*":"{^ ^}5200","+*TPL-URK":"{^}200","+*TPLYLRTd":"{^}$48","*TPL-RKTS*d":"{^ ^}25","+*TPLYTS*":"{^}$0","*TPLYULPTd":"{^ ^}$8800","*TPLYURTS":"{^ ^}$1400","*TPLYIURKS*":"{^ ^}$22000","+*TPL-ULRK":"{^}000","+*TPLYURKTS":"{^}$2400","+*TPL-LRPK*d":"{^}56","*TPLYILRKd":"{^ ^}$090","+*TPL-IUKTd":"{^}38000","*TPL-IURKTd":"{^ ^}28000","*TPL-ILS*":"{^ ^}720","*TPL-ILP*d":"{^ ^}860","*TPL-ULRS":"{^ ^}4100","+*TPL-IP":"{^}90","+*TPLYURT":"{^}$1700","*TPL-IURKTS":"{^ ^}24000","*TPL-IULTS*d":"{^ ^}75000","+*TPLYUPKTd":"{^}$6800","+*TPLYURS":"{^}$1100","+*TPLYIULS*":"{^}$72000","+*TPLYULPd":"{^}$8900","*TPL-UPS*":"{^ ^}9200","*TPLYIUPTd":"{^ ^}$98000","*TPLYULRT":"{^ ^}$4700","+*TPL-ULS*":"{^}7200","+*TPL-RK*d":"{^}26","*TPL-UPTS*":"{^ ^}9000","*TPL-S":"{^ ^}1","+*TPLYUPTd":"{^}$9800","+*TPL-LRTd":"{^}48","+*TPL-URTS*":"{^}1000","*TPL-URKTS*d":"{^ ^}2500","*TPL-IULRd":"{^ ^}49000","+*TPLYIULRPKTd":"{^}$58000","*TPL-IKTS*d":"{^ ^}350","+*TPL-RKd":"{^}29","*TPL-IURK":"{^ ^}2000","*TPL-ULRKTd":"{^ ^}0800","+*TPLYIPK":"{^}$60","+*TPL-ITd":"{^}80","*TPLYULRTS*d":"{^ ^}$4500","*TPLYIPKS":"{^ ^}$610","*TPL-IURK*d":"{^ ^}26000","*TPLYUK*":"{^ ^}$3300","+*TPL-UK":"{^}300","+*TPLYRKTS*":"{^}$20","+*TPL-UPTS*d":"{^}9500","*TPLY":"{^ ^}$","+*TPLYIURS":"{^}$11000","*TPL-UPKTS":"{^ ^}6400","+*TPL-K":"{^}3","+*TPL-IULPTS*":"{^}80000","+*TPL-ILRK*":"{^}030","*TPLYIUT":"{^ ^}$7000","+*TPLYILRPKS":"{^}$510","+*TPLYULRTS*d":"{^}$4500","+*TPL-LTS*d":"{^}75","+*TPLYIP":"{^}$90","+*TPL-UR*":"{^}1300","*TPLYIULTS*d":"{^ ^}$75000","*TPL-KTS":"{^ ^}34","*TPL-IP*":"{^ ^}930","+*TPL-UPKS*":"{^}6200","*TPL-IUPKS":"{^ ^}61000","*TPL-LTd":"{^ ^}78","*TPL-ILPTS":"{^ ^}840","+*TPLYIS":"{^}$10","*TPLYIULRKTS":"{^ ^}$04000","+*TPLYIUPKd":"{^}$69000","*TPLYULRK":"{^ ^}$000","+*TPLYILRPKS*":"{^}$520","*TPLYKT":"{^ ^}$37","+*TPLYPKS*":"{^}$62","*TPL-UKS":"{^ ^}3100","+*TPL-US":"{^}100","*TPLYILRPKS":"{^ ^}$510","+*TPLYULRKS":"{^}$0100","+*TPLYILRK*d":"{^}$060","+*TPL-LTS*":"{^}70","+*TPLYILPd":"{^}$890","*TPLYIULTS":"{^ ^}$74000","+*TPLYIULRK":"{^}$0000","+*TPL-IPKd":"{^}690","*TPL-LRKd":"{^ ^}09","+*TPL-IUKTS*":"{^}30000","*TPLYRKd":"{^ ^}$29","+*TPLYLRK*":"{^}$03","*TPL-ILT":"{^ ^}770","*TPL-IRKS":"{^ ^}210","*TPLYPKT":"{^ ^}$67","*TPL-IT":"{^ ^}70","+*TPL-IKd":"{^}390","+*TPL-LP":"{^}8","+*TPLYIRTS*":"{^}$100","+*TPLYURS*":"{^}$1200","+*TPLYIUPKTS*":"{^}$60000","+*TPL-ULS":"{^}7100","*TPL-IUL":"{^ ^}7000","*TPL-IURKT":"{^ ^}27000","+*TPLYULRTS":"{^}$4400","+*TPLYILR":"{^}$40","*TPL-IPKd":"{^ ^}690","*TPL-ULRPK":"{^ ^}500","*TPL-IUPK*d":"{^ ^}66000","*TPLYILT":"{^ ^}$770","*TPLYUL*":"{^ ^}$7300","+*TPLYLTS*d":"{^}$75","*TPL-URK*d":"{^ ^}2600","*TPLYPTS*":"{^ ^}$90","*TPLYULRPK*":"{^ ^}$5300","+*TPLYLPS":"{^}$81","*TPLYIUPd":"{^ ^}$99000","+*TPL-IULRPK*":"{^}53000","*TPL-ULPT":"{^ ^}8700","*TPLYLRPK":"{^ ^}$5","*TPLYIRK":"{^ ^}$20","*TPLYIULRS*":"{^ ^}$42000","+*TPLYIUP*":"{^}$93000","*TPLYUKd":"{^ ^}$3900","+*TPLYUPS*":"{^}$9200","*TPL-ULRPKS":"{^ ^}5100","+*TPLYIR":"{^}$10","*TPL-IULRPKS":"{^ ^}51000","*TPLYIULRK*d":"{^ ^}$06000","*TPL-ILRTS*d":"{^ ^}450","+*TPLYUKT":"{^}$3700","*TPL-IULRK":"{^ ^}0000","*TPLYIUK*":"{^ ^}$33000","*TPLYILRPKd":"{^ ^}$590","*TPL-US*":"{^ ^}200","*TPLY*d":"{^ ^}$6","+*TPL-IULRTd":"{^}48000","+*TPL-IULRKS*":"{^}02000","+*TPLYPKT":"{^}$67","*TPL-LRPKTS":"{^ ^}54","*TPL-IR*":"{^ ^}130","*TPLYUPKTd":"{^ ^}$6800","+*TPLYIURT":"{^}$17000","+*TPL-LP*d":"{^}86","+*TPL-UR":"{^}100","+*TPL-US*":"{^}200","+*TPLYIULPTS*":"{^}$80000","*TPL-URK*":"{^ ^}2300","*TPLYUd":"{^ ^}$900","+*TPLYILRPK*":"{^}$530","+*TPL-IUKTS*d":"{^}35000","+*TPLYULRTS*":"{^}$4000","+*TPL-PKTd":"{^}68","*TPL-IUL*":"{^ ^}73000","*TPLYULRd":"{^ ^}$4900","+*TPL-IULRKTS*d":"{^}05000","+*TPLYURK*d":"{^}$2600","+*TPL-IL*d":"{^}760","+*TPLYT":"{^}$7","+*TPLYIUL*":"{^}$73000","+*TPL-IUL":"{^}7000","+*TPL-ILRPKT":"{^}570","*TPLYIURTd":"{^ ^}$18000","*TPLYUKTS":"{^ ^}$3400","*TPL-PS":"{^ ^}91","+*TPLYTd":"{^}$8","+*TPL-LPS*":"{^}82","+*TPLYURTS":"{^}$1400","*TPLYIUS*":"{^ ^}$2000","+*TPLYILRKS":"{^}$010","*TPL-IRT":"{^ ^}170","*TPLYIULP*":"{^ ^}$83000","*TPLYUPK":"{^ ^}$600","*TPL-LP*d":"{^ ^}86","+*TPL-URKTS*":"{^}2000","*TPL-T":"{^ ^}7","*TPLYURK*":"{^ ^}$2300","+*TPLYURK":"{^}$200","+*TPLYIULR*":"{^}$43000","*TPLYUPT":"{^ ^}$9700","+*TPLYULRPK":"{^}$500","+*TPL-PK":"{^}6","*TPL-ULR*":"{^ ^}4300","+*TPL-IULRKTS":"{^}04000","*TPL-IP":"{^ ^}90","*TPLYULP*":"{^ ^}$8300","+*TPL-L*":"{^}73","+*TPL-IUPS":"{^}91000","*TPL-LP*":"{^ ^}83","*TPLYLR*":"{^ ^}$43","+*TPL-PTS*d":"{^}95","*TPLYULR*":"{^ ^}$4300","+*TPL-ULTS*":"{^}7000","*TPLYIRKTS*":"{^ ^}$200","+*TPLYILPTS*":"{^}$800","+*TPLYIPK*":"{^}$630","*TPL-IUL*d":"{^ ^}76000","+*TPL-UPS":"{^}9100","+*TPL-IUPT":"{^}97000","+*TPL-IUPKTS*":"{^}60000","*TPLYLRTS":"{^ ^}$44","+*TPL-RKTS*d":"{^}25","+*TPL-RKTS":"{^}24","+*TPLYUPKS*":"{^}$6200","*TPLYIL*":"{^ ^}$730","*TPLYIULRd":"{^ ^}$49000","*TPL-L":"{^ ^}7","+*TPLYIUPKS*":"{^}$62000","*TPLYIULR*d":"{^ ^}$46000","*TPL-ILPS*":"{^ ^}820","*TPL-RTS*d":"{^ ^}15","+*TPLYIULR":"{^}$4000","+*TPLYLPTS*":"{^}$80","+*TPL-IURKTS":"{^}24000","*TPLYRKTS*":"{^ ^}$20","+*TPLYRKS":"{^}$21","+*TPL-ILT":"{^}770","*TPL-ULP*":"{^ ^}8300","+*TPL-IUR":"{^}1000","*TPL-IUPd":"{^ ^}99000","*TPLYPK*":"{^ ^}$63","+*TPLYUKS":"{^}$3100","+*TPLYUTS*d":"{^}$500","*TPL-PKTS*d":"{^ ^}65","+*TPL-IUPKTd":"{^}68000","+*TPLYUPd":"{^}$9900","*TPLYPK":"{^ ^}$6","+*TPLYULRKTd":"{^}$0800","+*TPLYULRPKS*":"{^}$5200","+*TPLYULRPKTS*d":"{^}$5500","+*TPLYLRKTd":"{^}$08","+*TPLYUTd":"{^}$800","+*TPL-LS*":"{^}72","+*TPLYIPKS*":"{^}$620","*TPLYRKTd":"{^ ^}$28","*TPL-KTS*d":"{^ ^}35","+*TPL-IURd":"{^}19000","+*TPLYPKTd":"{^}$68","+*TPLYULS":"{^}$7100","*TPL-IPKTS*d":"{^ ^}650","*TPLYLRKTd":"{^ ^}$08","+*TPL-IULRPK*d":"{^}56000","+*TPL-ILP*":"{^}830","*TPLYURKTS*":"{^ ^}$2000","+*TPL-UPS*":"{^}9200","+*TPL-URKS*":"{^}2200","*TPLYIULPS*":"{^ ^}$82000","*TPL-LTS*":"{^ ^}70","+*TPLYIULRPK*":"{^}$53000","+*TPL-IUL*d":"{^}76000","*TPL-*":"{^ ^}3","*TPLYIULRPKd":"{^ ^}$59000","*TPL-UTS":"{^ ^}400","*TPLYIKTS":"{^ ^}$340","*TPLYULP":"{^ ^}$800","*TPL-LRKTS":"{^ ^}04","+*TPLYIULTd":"{^}$78000","*TPLYULRKS":"{^ ^}$0100","+*TPL-ULRTS*d":"{^}4500","*TPL-ILRKTd":"{^ ^}080","+*TPL-KS":"{^}31","+*TPL-IUPd":"{^}99000","*TPLYTd":"{^ ^}$8","*TPLYILR*d":"{^ ^}$460","*TPLYUPKTS":"{^ ^}$6400","*TPL-IL*d":"{^ ^}760","+*TPL-LRKT":"{^}07","*TPL-PTS*d":"{^ ^}95","*TPL-IURKTS*":"{^ ^}20000","*TPLYLRPKTS*d":"{^ ^}$55","*TPLYIULPTS*d":"{^ ^}$85000","*TPL-URS":"{^ ^}1100","+*TPLYUK*d":"{^}$3600","*TPLYRTS*d":"{^ ^}$15","+*TPL-IR":"{^}10","*TPL-LRPKd":"{^ ^}59","+*TPL-IRS":"{^}110","*TPL-IPS":"{^ ^}910","+*TPLYId":"{^}$90","+*TPL-LRPKd":"{^}59","*TPL-RK*":"{^ ^}23","*TPL-PKS":"{^ ^}61","+*TPLYLP":"{^}$8","+*TPLYIULRTS":"{^}$44000","*TPLYULRKS*":"{^ ^}$0200","+*TPLYP*":"{^}$93","*TPL-TS*":"{^ ^}0","+*TPLYIUd":"{^}$9000","*TPL-IPKS*":"{^ ^}620","*TPLYUL*d":"{^ ^}$7600","*TPLYR*":"{^ ^}$13","+*TPL-ILRS*":"{^}420","+*TPL-UKTS*d":"{^}3500","*TPL-I":"{^ ^}0","+*TPL-TS*":"{^}0","+*TPLYIUPS":"{^}$91000","*TPLYIS*":"{^ ^}$20","+*TPLYLRTS":"{^}$44","*TPL-ILRKS":"{^ ^}010","*TPL-ULRKTS":"{^ ^}0400","*TPL-IULR*d":"{^ ^}46000","+*TPL-UPKS":"{^}6100","*TPL-ULPTd":"{^ ^}8800","+*TPL-IRK*":"{^}230","*TPL-IULPTS*":"{^ ^}80000","*TPLYIPTS*":"{^ ^}$900","*TPLYIURKS":"{^ ^}$21000","+*TPL-IULP":"{^}8000","+*TPL-ULP":"{^}800","*TPLYULPS*":"{^ ^}$8200","*TPL-":"{^ ^}","+*TPLYRKTd":"{^}$28","*TPLYIPK*d":"{^ ^}$660","*TPL-IULPS*":"{^ ^}82000","+*TPLYL*d":"{^}$76","*TPLYLRK*d":"{^ ^}$06","*TPL-IULRT":"{^ ^}47000","*TPLYIRTS*d":"{^ ^}$150","*TPLYIULPTS":"{^ ^}$84000","*TPLYPS":"{^ ^}$91","+*TPLYIRTS":"{^}$140","+*TPLYILRS":"{^}$410","+*TPL-ILRPKd":"{^}590","+*TPL-IUKS*":"{^}32000","+*TPL-LRPKTS*":"{^}50","+*TPL-IUPKTS":"{^}64000","+*TPL-":"{^}","*TPL-IURd":"{^ ^}19000","+*TPL-ILRS":"{^}410","*TPL-IPKS":"{^ ^}610","+*TPLYILS*":"{^}$720","*TPLYULRPKS*":"{^ ^}$5200","*TPLYRS":"{^ ^}$11","*TPL-IKS":"{^ ^}310","+*TPL-UT":"{^}700","*TPL-IULPd":"{^ ^}89000","+*TPL-IUKT":"{^}37000","*TPLYIS":"{^ ^}$10","+*TPL-LRKTS":"{^}04","+*TPL-LRPK":"{^}5","+*TPL-ULRPKTd":"{^}5800","+*TPLYKT":"{^}$37","+*TPLYIULP":"{^}$8000","*TPLYIUPK*":"{^ ^}$63000","+*TPLYS":"{^}$1","+*TPL-ULPTS*d":"{^}8500","+*TPL-ULRPKTS*":"{^}5000","*TPL-IUPK*":"{^ ^}63000","+*TPL-ILRK":"{^}00","*TPLYIULd":"{^ ^}$79000","*TPL-IULS":"{^ ^}71000","*TPL-Id":"{^ ^}90","*TPL-ULPS":"{^ ^}8100","*TPL-LRPK*d":"{^ ^}56","+*TPL-UPTS":"{^}9400","+*TPLYULTS*d":"{^}$7500","*TPLYL*":"{^ ^}$73","*TPLYLPT":"{^ ^}$87","*TPL-UPK*":"{^ ^}6300","*TPLYURd":"{^ ^}$1900","+*TPLYLRPKd":"{^}$59","+*TPL-IULTS*d":"{^}75000","*TPLYILRPK*":"{^ ^}$530","*TPLYPTS":"{^ ^}$94","*TPLYULRPK*d":"{^ ^}$5600","+*TPLYIULRTS*":"{^}$40000","*TPL-IUPT":"{^ ^}97000","*TPLYIURK":"{^ ^}$2000","+*TPLYURKd":"{^}$2900","+*TPLYTS*d":"{^}$5","*TPL-IUPKS*":"{^ ^}62000","*TPLYUKTS*d":"{^ ^}$3500","*TPL-RKS":"{^ ^}21","+*TPLYUL":"{^}$700","+*TPL-IPK*d":"{^}660","+*TPLYUK*":"{^}$3300","*TPL-IULRS":"{^ ^}41000","*TPLYIULPTd":"{^ ^}$88000","*TPLYPd":"{^ ^}$99","*TPL-ILRPKS*":"{^ ^}520","*TPLYLPS*":"{^ ^}$82","+*TPLYIURTS*":"{^}$10000","*TPLYURKS*":"{^ ^}$2200","+*TPLYULRKTS":"{^}$0400","*TPLYITS*d":"{^ ^}$50","*TPL-ULRTS*":"{^ ^}4000","*TPLYPKTd":"{^ ^}$68","+*TPLYIU":"{^}$000","+*TPLYIUR":"{^}$1000","+*TPL-IULRPKd":"{^}59000","*TPL-ILRTS*":"{^ ^}400","+*TPLYIULTS*":"{^}$70000","+*TPL-IULPT":"{^}87000","+*TPLYLR":"{^}$4","+*TPLYLRKS*":"{^}$02","*TPLYIUPT":"{^ ^}$97000","+*TPL-ULRPK*d":"{^}5600","*TPLYIULRTd":"{^ ^}$48000","*TPLYPS*":"{^ ^}$92","+*TPL-IRT":"{^}170","+*TPLYUR*":"{^}$1300","+*TPLYULPTd":"{^}$8800","+*TPL-ULTd":"{^}7800","+*TPLYIULPd":"{^}$89000","*TPLYIULR":"{^ ^}$4000","*TPL-IRd":"{^ ^}190","*TPLYILRPKTS*":"{^ ^}$500","+*TPL-URS":"{^}1100","+*TPL-K*":"{^}33","*TPLYRS*":"{^ ^}$12","+*TPL-IULRKTS*":"{^}00000","+*TPL-ILR*d":"{^}460","+*TPL-UPTd":"{^}9800","*TPL-IUPTS":"{^ ^}94000","+*TPLYLRK*d":"{^}$06","+*TPLYLPS*":"{^}$82","+*TPL-IUP*":"{^}93000","*TPL-ULTS*d":"{^ ^}7500","*TPLYURKTd":"{^ ^}$2800","+*TPLYULTS*":"{^}$7000","+*TPL-IRTS*":"{^}100","+*TPL-UPT":"{^}9700","+*TPL-ILRKTS*":"{^}000","+*TPL-S*":"{^}2","*TPLYULS*":"{^ ^}$7200","+*TPL-PT":"{^}97","*TPL-IUPKTS*d":"{^ ^}65000","+*TPL-IURTS":"{^}14000","*TPL-IURKd":"{^ ^}29000","*TPL-IKTd":"{^ ^}380","*TPLYLRKT":"{^ ^}$07","*TPLYILPd":"{^ ^}$890","*TPLYIUPKS":"{^ ^}$61000","+*TPLYLRPKS*":"{^}$52","+*TPLYIURK":"{^}$2000","*TPLYIULP*d":"{^ ^}$86000","+*TPL-ULPd":"{^}8900","*TPL-IPT":"{^ ^}970","*TPLYKTS*":"{^ ^}$30","*TPL-IRKS*":"{^ ^}220","*TPLYLRKTS*d":"{^ ^}$05","*TPLYULRPK":"{^ ^}$500","*TPL-ULT":"{^ ^}7700","+*TPL-IR*":"{^}130","*TPL-LTS*d":"{^ ^}75","*TPLYP*d":"{^ ^}$96","+*TPL-IPTS*d":"{^}950","+*TPLYUPKS":"{^}$6100","*TPL-ULRPKTS":"{^ ^}5400","*TPL-RKS*":"{^ ^}22","+*TPL-ULR*d":"{^}4600","+*TPL-ULRKTS":"{^}0400","+*TPL-IRKS*":"{^}220","+*TPL-ULRS*":"{^}4200","+*TPLYRTS":"{^}$14","*TPLYULd":"{^ ^}$7900","+*TPLYILPTS*d":"{^}$850","*TPL-IULTS*":"{^ ^}70000","+*TPLYLPTd":"{^}$88","+*TPLYULPT":"{^}$8700","+*TPLYILRKT":"{^}$070","+*TPL-TS*d":"{^}5","*TPL-P":"{^ ^}9","*TPL-ULRK":"{^ ^}000","*TPL-IU*d":"{^ ^}6000","+*TPL-ILRPKS":"{^}510","*TPLYPKS*":"{^ ^}$62","*TPL-IULRPK*":"{^ ^}53000","+*TPLYRKTS":"{^}$24","+*TPL-PK*":"{^}63","+*TPLYIRT":"{^}$170","+*TPL-R":"{^}1","*TPL-URKS":"{^ ^}2100","*TPL-PTd":"{^ ^}98","+*TPLYIULS":"{^}$71000","*TPLYRK":"{^ ^}$2","+*TPLYKTS":"{^}$34","*TPL-IULTd":"{^ ^}78000","+*TPLYLP*":"{^}$83","+*TPLYURTd":"{^}$1800","*TPLYIULR*":"{^ ^}$43000","+*TPLYIULRPKS*":"{^}$52000","*TPLYd":"{^ ^}$9","*TPL-LRKTS*":"{^ ^}00","*TPL-ULRTd":"{^ ^}4800","*TPL-RKTd":"{^ ^}28","+*TPL-IULRPKT":"{^}57000","*TPL-Pd":"{^ ^}99","+*TPL-KTS*d":"{^}35","*TPLYKTS":"{^ ^}$34","*TPLYILRTS":"{^ ^}$440","+*TPLYIRKS*":"{^}$220","*TPLYILP*d":"{^ ^}$860","*TPL-IUR":"{^ ^}1000","*TPLYIUR*":"{^ ^}$13000","*TPLYIRS*":"{^ ^}$120","+*TPL-IRK":"{^}20","*TPLYULRPKTS*d":"{^ ^}$5500","+*TPLYILP*d":"{^}$860","+*TPLYUTS":"{^}$400","*TPL-IRK*":"{^ ^}230","+*TPL-ILP":"{^}80","+*TPLYTS":"{^}$4","+*TPL-IKTd":"{^}380","*TPLYIUPKTS":"{^ ^}$64000","+*TPL-ILRPK*d":"{^}560","*TPL-UR*":"{^ ^}1300","+*TPLYULRKd":"{^}$0900","+*TPLYLP*d":"{^}$86","*TPL-R*":"{^ ^}13","*TPLYILRKTS*d":"{^ ^}$050","*TPL-IURS*":"{^ ^}12000","+*TPLYIPd":"{^}$990","*TPLYLRd":"{^ ^}$49","+*TPLYULPTS*":"{^}$8000","*TPLYLd":"{^ ^}$79","+*TPL-IULd":"{^}79000","*TPL-ULRT":"{^ ^}4700","+*TPL-ULRTS*":"{^}4000","*TPLYT":"{^ ^}$7","*TPLYITd":"{^ ^}$80","*TPLYIURTS":"{^ ^}$14000","+*TPLYUPKTS*":"{^}$6000","*TPL-UKTS":"{^ ^}3400","+*TPL-ILS*":"{^}720","+*TPLYUT":"{^}$700","*TPLYPKTS*d":"{^ ^}$65","+*TPL-ULRPKd":"{^}5900","*TPL-U":"{^ ^}00","*TPLYULTd":"{^ ^}$7800","*TPLYIULRPKTd":"{^ ^}$58000","+*TPLYUKTd":"{^}$3800","*TPLYLP":"{^ ^}$8","*TPL-IRTS*":"{^ ^}100","+*TPLYIUPKTd":"{^}$68000","*TPLYUPK*d":"{^ ^}$6600","+*TPL-ILR*":"{^}430","*TPL-IULRPKTd":"{^ ^}58000","*TPLYILRPKT":"{^ ^}$570","+*TPLYIUTS*":"{^}$0000","*TPLYIULPTS*":"{^ ^}$80000","+*TPLYILT":"{^}$770","*TPLYLTS":"{^ ^}$74","+*TPL-IPKTS*":"{^}600","+*TPLYILRKd":"{^}$090","+*TPL-Ld":"{^}79","*TPLYLRS":"{^ ^}$41","+*TPLYIPKT":"{^}$670","*TPL-UK":"{^ ^}300","+*TPL-ILP*d":"{^}860","*TPLYPKTS":"{^ ^}$64","+*TPLYIULRPKT":"{^}$57000","*TPLYKTS*d":"{^ ^}$35","+*TPLYIRS*":"{^}$120","*TPL-IULTS":"{^ ^}74000","*TPLYUT":"{^ ^}$700","*TPL-ULRd":"{^ ^}4900","*TPLYIUKT":"{^ ^}$37000","*TPLYIL":"{^ ^}$70","*TPL-LRTS*d":"{^ ^}45","*TPLYIPK":"{^ ^}$60","*TPLYIPKT":"{^ ^}$670","+*TPL-UPKTd":"{^}6800","+*TPL-RKTS*":"{^}20","*TPL-UPTS":"{^ ^}9400","*TPL-LRKTd":"{^ ^}08","*TPLYILRTS*d":"{^ ^}$450","+*TPL-ULRK*d":"{^}0600","+*TPLYULRPKTd":"{^}$5800","+*TPL-LRKS":"{^}01","+*TPLYIUKd":"{^}$39000","*TPL-IURTd":"{^ ^}18000","*TPLYILPT":"{^ ^}$870","*TPL-US":"{^ ^}100","*TPLYIUK":"{^ ^}$3000","+*TPLYLTS*":"{^}$70","*TPL-LRPKTS*":"{^ ^}50","*TPL-UK*d":"{^ ^}3600","+*TPLYUKS*":"{^}$3200","*TPLYIURS*":"{^ ^}$12000","+*TPL-IKT":"{^}370","+*TPL-URTS":"{^}1400","+*TPL-IULRK":"{^}0000","+*TPL-S":"{^}1","+*TPL-P*":"{^}93","*TPLYIURK*d":"{^ ^}$26000","+*TPLYIPTS*":"{^}$900","*TPLYUPTS":"{^ ^}$9400","*TPL-UPTd":"{^ ^}9800","+*TPLYIP*":"{^}$930","+*TPLYLRKd":"{^}$09","+*TPL-ULRKTS*":"{^}0000","*TPL-ULRTS*d":"{^ ^}4500","*TPLYIULRKTd":"{^ ^}$08000","*TPL-IUPKTS*":"{^ ^}60000","+*TPL-IULRKT":"{^}07000","+*TPL-ULT":"{^}7700","*TPL-IULRKT":"{^ ^}07000","*TPLYLPd":"{^ ^}$89","*TPLYIULRTS*":"{^ ^}$40000","*TPL-UR":"{^ ^}100","+*TPLYULRPKTS":"{^}$5400","+*TPLYIULRPKd":"{^}$59000","*TPLYUKTS*":"{^ ^}$3000","*TPL-LPTS":"{^ ^}84","*TPLYLT":"{^ ^}$77","*TPLYUKS":"{^ ^}$3100","*TPLYILRd":"{^ ^}$490","+*TPL-ULTS*d":"{^}7500","+*TPL-IUP":"{^}9000","+*TPLYIURK*d":"{^}$26000","+*TPL-RT":"{^}17","*TPL-IPd":"{^ ^}990","+*TPLYIP*d":"{^}$960","+*TPLYS*":"{^}$2","*TPLYTS*d":"{^ ^}$5","*TPLYILRPKTS":"{^ ^}$540","+*TPLYIULPT":"{^}$87000","*TPLYLRK*":"{^ ^}$03","*TPLYULRTS*":"{^ ^}$4000","*TPL-ILRd":"{^ ^}490","+*TPL-IUR*d":"{^}16000","+*TPL-ILTS":"{^}740","*TPL-IK":"{^ ^}30","+*TPL-IPTS":"{^}940","*TPLYIURT":"{^ ^}$17000","*TPL-UPKS*":"{^ ^}6200","+*TPL-IUS":"{^}1000","+*TPLYIUKT":"{^}$37000","*TPL-URK":"{^ ^}200","*TPLYIUL":"{^ ^}$7000","*TPL-*d":"{^ ^}6","+*TPL-UPTS*":"{^}9000","+*TPLYRTd":"{^}$18","+*TPLYIUT":"{^}$7000","+*TPLYURKTS*":"{^}$2000","*TPL-LRK*":"{^ ^}03","+*TPL-UP*d":"{^}9600","*TPL-IPS*":"{^ ^}920","*TPL-ILd":"{^ ^}790","*TPL-ILRKTS*d":"{^ ^}050","*TPLYIULRK*":"{^ ^}$03000","*TPLYIRd":"{^ ^}$190","*TPL-ULRK*":"{^ ^}0300","+*TPLYILP":"{^}$80","*TPL-IKTS":"{^ ^}340","+*TPL-UP*":"{^}9300","+*TPLYIUPTS*":"{^}$90000","*TPLYIRKTS":"{^ ^}$240","+*TPL-UTd":"{^}800","+*TPL-IULTS*":"{^}70000","*TPLYIURd":"{^ ^}$19000","*TPL-IPTd":"{^ ^}980","+*TPLYIUP*d":"{^}$96000","*TPL-LPTS*d":"{^ ^}85","+*TPL-IPS*":"{^}920","*TPL-ULRTS":"{^ ^}4400","+*TPL-UPKTS":"{^}6400","*TPLYIK":"{^ ^}$30","*TPLYIK*d":"{^ ^}$360","*TPLYURK*d":"{^ ^}$2600","+*TPLYITS*":"{^}$00","*TPL-IU":"{^ ^}000","+*TPL-ILRPK*":"{^}530","*TPL-ILRTd":"{^ ^}480","+*TPL-RTS":"{^}14","+*TPLYK*":"{^}$33","*TPL-IPKT":"{^ ^}670","*TPLYLRTd":"{^ ^}$48","+*TPL-IUPK*":"{^}63000","*TPL-IUS*":"{^ ^}2000","+*TPL-ULTS":"{^}7400","*TPL-KS*":"{^ ^}32","+*TPL-IULRPK":"{^}5000","*TPLYIR":"{^ ^}$10","*TPLYILRKTS*":"{^ ^}$000","+*TPLYILRPKT":"{^}$570","*TPL-UL*":"{^ ^}7300","*TPLYIRS":"{^ ^}$110","+*TPL-I*":"{^}30","*TPL-UPKTd":"{^ ^}6800","+*TPL-Id":"{^}90","+*TPL-LTS":"{^}74","+*TPLYIPS*":"{^}$920","*TPLYP*":"{^ ^}$93","+*TPLYRKd":"{^}$29","+*TPL-IRKd":"{^}290","+*TPL-ILd":"{^}790","+*TPLYIKd":"{^}$390","+*TPLYIKTd":"{^}$380","+*TPL-IL*":"{^}730","+*TPLYIRK":"{^}$20","*TPL-IPK":"{^ ^}60","*TPL-ILR*d":"{^ ^}460","+*TPL-UTS*d":"{^}500","*TPL-IURKTS*d":"{^ ^}25000","+*TPL-IKTS*":"{^}300","+*TPL-URK*d":"{^}2600","+*TPL-Kd":"{^}39","+*TPL-ULPS*":"{^}8200","+*TPL-IULRd":"{^}49000","*TPL-ULRKTS*":"{^ ^}0000","*TPLYLRKd":"{^ ^}$09","*TPLYIUPKd":"{^ ^}$69000","+*TPLYIURTS*d":"{^}$15000","+*TPLYIULRPKTS":"{^}$54000","*TPL-IULT":"{^ ^}77000","+*TPLYIPK*d":"{^}$660","*TPL-UPT":"{^ ^}9700","+*TPLYILRKTS*":"{^}$000","*TPLYR":"{^ ^}$1","*TPL-LRKT":"{^ ^}07","+*TPL-IRKTS*d":"{^}250","*TPL-ILRTS":"{^ ^}440","+*TPLYUPTS":"{^}$9400","*TPLYUP*":"{^ ^}$9300","+*TPLYIUR*":"{^}$13000","+*TPL-ILRT":"{^}470","*TPL-ILRPKd":"{^ ^}590","*TPLYIU":"{^ ^}$000","*TPL-ULRPKd":"{^ ^}5900","+*TPL-ILRKS":"{^}010","+*TPLYILRPK*d":"{^}$560","+*TPL-IUPKS*":"{^}62000","*TPLYULPT":"{^ ^}$8700","+*TPL-ULRPKS":"{^}5100","*TPL-IULRPKTS":"{^ ^}54000","*TPLYIULP":"{^ ^}$8000","+*TPLYIL*":"{^}$730","+*TPL-IRS*":"{^}120","+*TPL-IULPTS":"{^}84000","+*TPL-IURTd":"{^}18000","*TPL-ILRKS*":"{^ ^}020","+*TPL-IPKT":"{^}670","*TPL-IULR*":"{^ ^}43000","+*TPLYKTS*":"{^}$30","+*TPL-LRK*":"{^}03","+*TPLYIRKTS*d":"{^}$250","+*TPL-U*":"{^}300","+*TPLYURKTS*d":"{^}$2500","+*TPLYIUKTS*d":"{^}$35000","+*TPL-ILPTS":"{^}840","+*TPL-ILRPKTS*":"{^}500","*TPLYIULPS":"{^ ^}$81000","+*TPL-IUPTS*":"{^}90000","+*TPL-IULR*d":"{^}46000","*TPL-IUS":"{^ ^}1000","+*TPL-IPd":"{^}990","+*TPL-IRKTS*":"{^}200","+*TPL-IUKTS":"{^}34000","*TPLYURKd":"{^ ^}$2900","+*TPL-IURS*":"{^}12000","*TPLYUPd":"{^ ^}$9900","+*TPLYIURKTS*":"{^}$20000","*TPLYUS*":"{^ ^}$200","+*TPLYUPTS*d":"{^}$9500","+*TPL-URT":"{^}1700","*TPLYILS":"{^ ^}$710","*TPL-Rd":"{^ ^}19","*TPLYPKTS*":"{^ ^}$60","+*TPLYULRK*d":"{^}$0600","*TPLYILRTd":"{^ ^}$480","+*TPL-URKd":"{^}2900","*TPL-IUPTS*d":"{^ ^}95000","+*TPL-ILPS":"{^}810","+*TPL-ITS*d":"{^}50","+*TPL-IULPS*":"{^}82000","+*TPLYIUS":"{^}$1000","+*TPL-UK*d":"{^}3600","*TPL-ULRKS*":"{^ ^}0200","+*TPL-UPKTS*":"{^}6000","+*TPLYIUL":"{^}$7000","+*TPLYLRS*":"{^}$42","*TPL-RS":"{^ ^}11","+*TPLYUPTS*":"{^}$9000","*TPL-ILRPKTS":"{^ ^}540","*TPLYIULRPKTS*d":"{^ ^}$55000","+*TPL-ILRKS*":"{^}020","+*TPL-ULRPK":"{^}500","*TPL-IK*d":"{^ ^}360","*TPLYIULRKTS*":"{^ ^}$00000","+*TPLYLRPKT":"{^}$57","*TPL-P*d":"{^ ^}96","+*TPLYUKd":"{^}$3900","*TPLYULRKTd":"{^ ^}$0800","*TPL-LPTd":"{^ ^}88","*TPL-PKTd":"{^ ^}68","+*TPL-I*d":"{^}60","+*TPL-IUL*":"{^}73000","+*TPLYIUPK":"{^}$6000","+*TPL-LRK":"{^}0","+*TPLYKTS*d":"{^}$35","+*TPLYIR*d":"{^}$160","*TPLYIKTS*d":"{^ ^}$350","+*TPLYULRKTS*d":"{^}$0500","+*TPLYI*":"{^}$30","*TPL-IKd":"{^ ^}390","*TPLYILRPK*d":"{^ ^}$560","*TPL-IULR":"{^ ^}4000","+*TPL-LRKTS*d":"{^}05","+*TPL-IULR":"{^}4000","*TPL-ITS":"{^ ^}40","+*TPL-RTd":"{^}18","+*TPLYUPS":"{^}$9100","*TPLYULRS*":"{^ ^}$4200","+*TPL-ILRKTS":"{^}040","*TPLYIULRPK*d":"{^ ^}$56000","*TPL-ULRPK*d":"{^ ^}5600","+*TPL-IULP*":"{^}83000","+*TPL-ILTS*":"{^}700","*TPL-ULRPKTd":"{^ ^}5800","*TPL-ILRPKT":"{^ ^}570","*TPL-ILPT":"{^ ^}870","*TPLYIULPd":"{^ ^}$89000","+*TPL-RKS":"{^}21","+*TPL-UPKd":"{^}6900","*TPLYKS*":"{^ ^}$32","*TPL-ULS*":"{^ ^}7200","*TPLYLPTS*d":"{^ ^}$85","+*TPLYILRPKTS":"{^}$540","+*TPLYIULRTS*d":"{^}$45000","+*TPL-IULT":"{^}77000","+*TPLYULRd":"{^}$4900","*TPLYLR*d":"{^ ^}$46","+*TPL-ULPTd":"{^}8800","*TPLYR*d":"{^ ^}$16","*TPLYIUTd":"{^ ^}$8000","+*TPLYULPS":"{^}$8100","+*TPL-LRTS*d":"{^}45","*TPL-IUPKd":"{^ ^}69000","+*TPL-UKTd":"{^}3800","+*TPLYLRKT":"{^}$07","+*TPL-R*d":"{^}16","+*TPLYULRKT":"{^}$0700","*TPLYRT":"{^ ^}$17","+*TPL-IURKS*":"{^}22000","+*TPL-IRKTd":"{^}280","+*TPLYLT":"{^}$77","+*TPLYUK":"{^}$300","+*TPLYIUTd":"{^}$8000","*TPL-ILRK*d":"{^ ^}060","*TPLYULP*d":"{^ ^}$8600","+*TPLYUL*d":"{^}$7600","*TPLYIL*d":"{^ ^}$760","+*TPLYUPK":"{^}$600","*TPL-ILRKd":"{^ ^}090","*TPLYRTS":"{^ ^}$14","+*TPLYIRK*d":"{^}$260","+*TPL-IUK*d":"{^}36000","*TPLYIRKTd":"{^ ^}$280","+*TPL-LRTS":"{^}44","+*TPL-IULRPKTd":"{^}58000","+*TPLYIUKTS*":"{^}$30000","+*TPLYIULP*":"{^}$83000","+*TPLYUP":"{^}$900","+*TPLYIULRKT":"{^}$07000","+*TPL-Pd":"{^}99","+*TPLYUL*":"{^}$7300","+*TPL-IRKTS":"{^}240","*TPL-LRPKS*":"{^ ^}52","*TPL-R*d":"{^ ^}16","+*TPLYILRTS*":"{^}$400","*TPLYLRK":"{^ ^}$0","*TPLYLTS*":"{^ ^}$70","*TPL-ULRPK*":"{^ ^}5300","*TPL-IUPS":"{^ ^}91000","+*TPLYIUS*":"{^}$2000","+*TPLYKTd":"{^}$38","+*TPLYIK*":"{^}$330","+*TPL-IL":"{^}70","+*TPLYPKd":"{^}$69","+*TPL-IULPS":"{^}81000","+*TPLYUKTS":"{^}$3400","*TPLYIUPKTd":"{^ ^}$68000","+*TPLYLPTS*d":"{^}$85","*TPLYILRKTS":"{^ ^}$040","+*TPL-IP*":"{^}930","*TPL-UP":"{^ ^}900","*TPLYURT":"{^ ^}$1700","+*TPL-UPKT":"{^}6700","*TPLYIUPTS*":"{^ ^}$90000","+*TPL-LRKTd":"{^}08","+*TPL-IUPS*":"{^}92000","*TPL-IUR*":"{^ ^}13000","+*TPLYIURTd":"{^}$18000","+*TPL-P":"{^}9","+*TPL-UPKTS*d":"{^}6500","*TPL-URKTd":"{^ ^}2800","+*TPLYIULR*d":"{^}$46000","*TPLYIR*d":"{^ ^}$160","*TPLYIRT":"{^ ^}$170","*TPLYUR*d":"{^ ^}$1600","*TPL-LTS":"{^ ^}74","+*TPL-LR*d":"{^}46","+*TPL-IUPTS*d":"{^}95000","+*TPLYLRTS*d":"{^}$45","+*TPL-IPS":"{^}910","*TPL-IR*d":"{^ ^}160","*TPL-IUPKTd":"{^ ^}68000","+*TPL-Rd":"{^}19","*TPLYIUKTd":"{^ ^}$38000","+*TPLYRS*":"{^}$12","+*TPL-URK*":"{^}2300","+*TPL-ULRS":"{^}4100","+*TPLY*d":"{^}$6","*TPL-Ld":"{^ ^}79","+*TPLYULRPKTS*":"{^}$5000","+*TPL-ILPd":"{^}890","+*TPL-IUP*d":"{^}96000","+*TPLYR":"{^}$1","+*TPL-RTS*":"{^}10","+*TPLYRTS*d":"{^}$15","*TPLYIULRS":"{^ ^}$41000","*TPLYLRPKS":"{^ ^}$51","+*TPLYILRPKTd":"{^}$580","+*TPLYIULPTS*d":"{^}$85000","+*TPLYR*":"{^}$13","*TPLYULRPKTd":"{^ ^}$5800","+*TPLYITS":"{^}$40","*TPL-IUK*d":"{^ ^}36000","+*TPLYILTd":"{^}$780","*TPLYIURKT":"{^ ^}$27000","+*TPL-PTd":"{^}98","+*TPLYUPKTS":"{^}$6400","+*TPL-LRPKTS":"{^}54","+*TPL-IPKTd":"{^}680","+*TPL-ILS":"{^}710","+*TPLYULRPKT":"{^}$5700","+*TPLYIK":"{^}$30","*TPLYIUPK":"{^ ^}$6000","*TPLYIURKTS":"{^ ^}$24000","*TPL-LS*":"{^ ^}72","*TPLYIULRKS*":"{^ ^}$02000","*TPL-IRS*":"{^ ^}120","*TPL-P*":"{^ ^}93","*TPLYIK*":"{^ ^}$330","*TPLYKd":"{^ ^}$39","*TPL-IULP":"{^ ^}8000","*TPL-IRKTd":"{^ ^}280","*TPL-ULd":"{^ ^}7900","+*TPLYIURKTS":"{^}$24000","+*TPL-KS*":"{^}32","*TPLYLRKS":"{^ ^}$01","+*TPLYILR*":"{^}$430","*TPL-ULTd":"{^ ^}7800","*TPLYIUKTS":"{^ ^}$34000","*TPLYURKS":"{^ ^}$2100","+*TPL-ULRPKTS*d":"{^}5500","+*TPLYRTS*":"{^}$10","+*TPLYILR*d":"{^}$460","*TPL-IUPS*":"{^ ^}92000","+*TPL-UPK*":"{^}6300","+*TPLYIRKd":"{^}$290","+*TPLYILPTd":"{^}$880","*TPL-ILRT":"{^ ^}470","*TPL-IULRPKT":"{^ ^}57000","+*TPL-IUPKT":"{^}67000","+*TPLYULT":"{^}$7700","*TPLYLRPK*d":"{^ ^}$56","+*TPL-IU*d":"{^}6000","*TPL-KTd":"{^ ^}38","*TPL-IUKTS":"{^ ^}34000","*TPL-UKTS*":"{^ ^}3000","*TPLYIULS":"{^ ^}$71000","*TPL-PK":"{^ ^}6","*TPLYIRKS*":"{^ ^}$220","*TPLYUTS*d":"{^ ^}$500","+*TPL-ULRd":"{^}4900","+*TPL-UKS*":"{^}3200","+*TPL-ULPTS":"{^}8400","*TPL-UPS":"{^ ^}9100","*TPL-IULP*":"{^ ^}83000","*TPL-IULRKS":"{^ ^}01000","+*TPLYIULPS*":"{^}$82000","*TPL-UTd":"{^ ^}800","+*TPLYIULRKTS":"{^}$04000","+*TPL-IUTd":"{^}8000","*TPLYIUL*d":"{^ ^}$76000","+*TPLYUd":"{^}$900","*TPLYULR":"{^ ^}$400","*TPL-LPS":"{^ ^}81","*TPLYILRTS*":"{^ ^}$400","*TPLYKS":"{^ ^}$31","+*TPL-LRPKTd":"{^}58","*TPLYILR*":"{^ ^}$430","*TPL-IRKT":"{^ ^}270","*TPL-K":"{^ ^}3","*TPL-UKTS*d":"{^ ^}3500","*TPL-PK*d":"{^ ^}66","*TPL-IS":"{^ ^}10","+*TPL-IURK":"{^}2000","+*TPL-IUd":"{^}9000","*TPLYLRPKTS":"{^ ^}$54","*TPLYULPTS":"{^ ^}$8400","*TPL-UPKS":"{^ ^}6100","*TPLYUKT":"{^ ^}$3700","+*TPL-IU":"{^}000","+*TPLYULRK":"{^}$000","+*TPLYIK*d":"{^}$360","+*TPL-LRd":"{^}49","*TPLYILRKS*":"{^ ^}$020","*TPL-KS":"{^ ^}31","*TPL-ULPTS":"{^ ^}8400","+*TPLYIULd":"{^}$79000","*TPL-PTS":"{^ ^}94","+*TPLYIULRPK*d":"{^}$56000","*TPL-IULRTd":"{^ ^}48000","+*TPLYIRS":"{^}$110","+*TPLYPK":"{^}$6","*TPLYRKS":"{^ ^}$21","+*TPLYIUPd":"{^}$99000","+*TPLYIURS*":"{^}$12000","*TPL-ILR*":"{^ ^}430","+*TPL-ILRKTS*d":"{^}050","+*TPLYIULPTd":"{^}$88000","*TPL-UPKd":"{^ ^}6900","*TPLYUR*":"{^ ^}$1300","*TPL-ILRPKTS*":"{^ ^}500","+*TPLYIUPK*d":"{^}$66000","+*TPLYRK*":"{^}$23","+*TPLYIPTd":"{^}$980","+*TPLY*":"{^}$3","*TPLYIU*d":"{^ ^}$6000","+*TPL-IULRTS*d":"{^}45000","+*TPL-IT":"{^}70","*TPLYIULRPKS":"{^ ^}$51000","+*TPLYURKS":"{^}$2100","*TPLYIUPKTS*":"{^ ^}$60000","*TPL-IURKS":"{^ ^}21000","*TPL-IR":"{^ ^}10","*TPL-URTS":"{^ ^}1400","+*TPL-ILTd":"{^}780","+*TPL-IPKS*":"{^}620","+*TPL-T":"{^}7","+*TPLYIUPKTS*d":"{^}$65000","*TPLYILTS*d":"{^ ^}$750","+*TPL-IULS":"{^}71000","+*TPL-ILRTS*d":"{^}450","*TPL-IULPS":"{^ ^}81000","*TPLYUK":"{^ ^}$300","+*TPL-UKS":"{^}3100","+*TPLYL*":"{^}$73","*TPLYIULTd":"{^ ^}$78000","*TPL-ULRKd":"{^ ^}0900","*TPLY*":"{^ ^}$3","*TPL-Kd":"{^ ^}39","+*TPLYIL*d":"{^}$760","+*TPL-IULPTd":"{^}88000","+*TPL-IPT":"{^}970","*TPLYIKd":"{^ ^}$390","+*TPL-ULPTS*":"{^}8000","*TPLYI*":"{^ ^}$30","+*TPLYIUTS":"{^}$4000","*TPL-URKT":"{^ ^}2700","+*TPL-RS":"{^}11","*TPLYULRPKT":"{^ ^}$5700","+*TPLYIULRKS*":"{^}$02000","+*TPLY":"{^}$","*TPL-IULRPKS*":"{^ ^}52000","*TPLYLRKS*":"{^ ^}$02","+*TPLYULP":"{^}$800","+*TPLYIUPTS*d":"{^}$95000","+*TPL-IUPTd":"{^}98000","+*TPLYIPKS":"{^}$610","*TPLYILRK*d":"{^ ^}$060","*TPL-RK":"{^ ^}2","+*TPLYLRd":"{^}$49","*TPL-LRT":"{^ ^}47","*TPLYULRTd":"{^ ^}$4800","*TPLYURTS*d":"{^ ^}$1500","*TPLYULRKd":"{^ ^}$0900","*TPLYIR*":"{^ ^}$130","*TPL-LPS*":"{^ ^}82","*TPL-IULRKd":"{^ ^}09000","*TPL-IPTS*d":"{^ ^}950","*TPL-IS*":"{^ ^}20","+*TPL-IUKS":"{^}31000","*TPLYIRTd":"{^ ^}$180","+*TPL-LPT":"{^}87","*TPLYULRKTS":"{^ ^}$0400","+*TPL-L":"{^}7","*TPLYIULRKd":"{^ ^}$09000","*TPLYU*d":"{^ ^}$600","+*TPL-ULRPKT":"{^}5700","*TPLYLS":"{^ ^}$71","+*TPLYLRKS":"{^}$01","*TPLYIULS*":"{^ ^}$72000","*TPLYIUP":"{^ ^}$9000","+*TPL-PKT":"{^}67","*TPLYIPKTd":"{^ ^}$680","+*TPLYPTS*":"{^}$90","*TPL-URKS*":"{^ ^}2200","*TPLYU*":"{^ ^}$300","+*TPL-LRK*d":"{^}06","*TPL-IULRPKTS*":"{^ ^}50000","+*TPL-IURTS*d":"{^}15000","*TPLYURS":"{^ ^}$1100","*TPL-ILP*":"{^ ^}830","+*TPL-ULRTS":"{^}4400","*TPL-UPKT":"{^ ^}6700","*TPLYIUR":"{^ ^}$1000","*TPLYIURK*":"{^ ^}$23000","+*TPLYKS":"{^}$31","+*TPL-PTS*":"{^}90","*TPL-IRKd":"{^ ^}290","*TPL-RS*":"{^ ^}12","+*TPLYIRd":"{^}$190","+*TPLYIS*":"{^}$20","+*TPLYULRPK*":"{^}$5300","+*TPLYULRPK*d":"{^}$5600","*TPLYLP*d":"{^ ^}$86","+*TPL-IULRPKS":"{^}51000","+*TPL-IULRTS*":"{^}40000","*TPLYId":"{^ ^}$90","+*TPLYIPTS*d":"{^}$950","*TPL-KTS*":"{^ ^}30","*TPL-ILTS*":"{^ ^}700","+*TPLYILRK":"{^}$00","+*TPL-URTS*d":"{^}1500","*TPLYLRKTS":"{^ ^}$04","+*TPLYIKTS":"{^}$340","*TPL-UKS*":"{^ ^}3200","+*TPL-PKTS":"{^}64","+*TPLYLRKTS":"{^}$04","+*TPL-PK*d":"{^}66","+*TPLYULTS":"{^}$7400","+*TPLYIUPTd":"{^}$98000","*TPLYIUd":"{^ ^}$9000","+*TPLYLS":"{^}$71","*TPLYLTd":"{^ ^}$78","+*TPL-IRK*d":"{^}260","+*TPL-ILPS*":"{^}820","+*TPL-IUT":"{^}7000","*TPLYIULRPK":"{^ ^}$5000","+*TPL-URKS":"{^}2100","+*TPLYP":"{^}$9","+*TPL-IULPd":"{^}89000","*TPLYULR*d":"{^ ^}$4600","*TPL-RKd":"{^ ^}29","*TPLYURTS*":"{^ ^}$1000","*TPL-PKT":"{^ ^}67","*TPLYKTd":"{^ ^}$38","*TPL-IUKTS*":"{^ ^}30000","*TPLYURK":"{^ ^}$200","+*TPLYIULRS*":"{^}$42000","*TPLYURKTS*d":"{^ ^}$2500","*TPLYI":"{^ ^}$0","*TPLYRd":"{^ ^}$19","+*TPLYPTS":"{^}$94","*TPLYLPTS":"{^ ^}$84","*TPL-IK*":"{^ ^}330","*TPLYUL":"{^ ^}$700","*TPL-ULS":"{^ ^}7100","*TPLYIUPKT":"{^ ^}$67000","+*TPL-ULR":"{^}400","*TPL-PTS*":"{^ ^}90","+*TPL-URKTS":"{^}2400","+*TPLYIUKTS":"{^}$34000","+*TPLYIULRPKTS*d":"{^}$55000","*TPL-LR*d":"{^ ^}46","*TPL-URS*":"{^ ^}1200","+*TPL-ILRPK":"{^}50","*TPL-URd":"{^ ^}1900","+*TPLYLRPK":"{^}$5","*TPL-IULRKTS*":"{^ ^}00000","*TPL-ILRKT":"{^ ^}070","+*TPLYIUL*d":"{^}$76000","+*TPL-UL":"{^}700","*TPL-LPd":"{^ ^}89","+*TPL-Ud":"{^}900","*TPL-IULP*d":"{^ ^}86000","*TPL-UTS*":"{^ ^}000","*TPL-L*":"{^ ^}73","+*TPLYIURKS*":"{^}$22000","+*TPLYIURKd":"{^}$29000","+*TPL-RS*":"{^}12","+*TPL-LRPK*":"{^}53","+*TPLYLRKTS*":"{^}$00","*TPLYURKTS":"{^ ^}$2400","+*TPLYLPd":"{^}$89","+*TPLYL":"{^}$7","+*TPLYIRK*":"{^}$230","+*TPL-PS*":"{^}92","*TPL-LRPKTd":"{^ ^}58","*TPL-URKd":"{^ ^}2900","*TPL-IRKTS":"{^ ^}240","*TPL-IKS*":"{^ ^}320","*TPL-ILRPKTd":"{^ ^}580","+*TPL-UTS*":"{^}000","*TPLYULT":"{^ ^}$7700","+*TPLYIUP":"{^}$9000","+*TPL-LRPKTS*d":"{^}55","*TPL-UPd":"{^ ^}9900","*TPLYILRKS":"{^ ^}$010","*TPLYIUTS*":"{^ ^}$0000","+*TPLYILRPKTS*":"{^}$500","*TPLYIPKTS*":"{^ ^}$600","+*TPLYILRKTd":"{^}$080","+*TPL-IURKTS*":"{^}20000","*TPLYRKT":"{^ ^}$27","*TPL-LRPKT":"{^ ^}57","+*TPLYILTS*d":"{^}$750","*TPL-UPK*d":"{^ ^}6600","*TPLYIULRKTS*d":"{^ ^}$05000","+*TPL-I":"{^}0","*TPL-KT":"{^ ^}37","+*TPLYRK":"{^}$2","+*TPLYILRK*":"{^}$030","*TPL-ILRPKTS*d":"{^ ^}550","*TPLYIUKS":"{^ ^}$31000","+*TPL-UK*":"{^}3300","*TPLYITS*":"{^ ^}$00","+*TPLYULRKTS*":"{^}$0000","+*TPL-U*d":"{^}600","+*TPLYULPTS":"{^}$8400","+*TPLYIUR*d":"{^}$16000","+*TPLYLTS":"{^}$74","*TPLYL":"{^ ^}$7"}