{"A-ds":"{*-|}{^ing}","+-r":"{*!}{^er}","A+-rs":"{*-|}{*!}{^er}{^s}","+-rs":"{*!}{^er}{^s}","A-d":"{*-|}{^ed}","-ds":"{^ing}","-rs":"{^er}{^s}","A-rds":"{*-|}{^y}{^s}","+-rds":"{*!}{^y}{^s}","-s":"{^s}","A+-s":"{*-|}{*!}{^s}","-rd":"{^y}","A+":"{*-|}{*!}","-r":"{^er}","+-rd":"{*!}{^y}","-rds":"{^y}{^s}","+-s":"{*!}{^s}","A+-rds":"{*-|}{*!}{^y}{^s}","A+-ds":"{*-|}{*!}{^ing}","A-s":"{*-|}{^s}","A+-d":"{*-|}{*!}{^ed}","+-ds":"{*!}{^ing}","+-d":"{*!}{^ed}","-d":"{^ed}","A":"{*-|}","A+-rd":"{*-|}{*!}{^y}","A-rs":"{*-|}{^er}{^s}","A-r":"{*-|}{^er}","+":"{*!}","A+-r":"{*-|}{*!}{^er}","A-rd":"{*-|}{^y}"}